Date,wind_10m,specific_humidity,LW_down,SW_down,rainfall,snowfall,sst,t2m,surface_pressure,sea_ice_extent
1979-01,5.531398097,0.811961337,186.6870543,3.127879799,1.009872153,0.892318765,273.3552368,250.3881007,984.6330317,15604191
1979-02,5.32801957,0.688896366,174.7945707,18.5415944,0.92083131,0.781346778,273.1218851,247.0712019,983.9804183,16378929
1979-03,5.432510532,0.916123975,190.7419328,67.69042861,0.983326547,0.85526591,273.0880994,252.9541385,985.1404676,16521089
1979-04,4.792835526,1.272055813,212.9379251,156.2236735,0.89072257,0.705203322,273.1260622,259.5574559,989.3146977,15561238
1979-05,4.819028038,2.239775529,253.6904783,230.9508329,1.201308483,0.688723425,273.3935507,269.375118,984.4836584,14085613
1979-06,4.458702355,3.723499267,287.9690681,241.6390047,1.589384045,0.419664295,274.3086148,276.3767419,980.0468994,12653185
1979-07,4.480157957,4.92199775,308.5310519,199.66391,1.770835162,0.20947008,275.8805574,279.6711854,980.8218133,10521427
1979-08,4.58521007,4.563531306,303.7147321,130.3669786,1.877057704,0.282864082,276.9360762,278.1281314,981.0897266,8183421
1979-09,5.072221626,3.229639944,277.9490506,71.35050435,1.813754921,0.633659742,276.4298227,273.1393915,980.2855367,7219913
1979-10,5.250608338,1.893477204,241.5442284,25.22603354,1.411747985,0.945093837,274.9188598,264.6521799,981.4188127,9428492
1979-11,5.585218595,1.275287025,212.2271064,5.287116806,1.487474762,1.146698362,274.0662401,257.1760821,978.1510483,11185959
1979-12,5.60709666,0.95983197,194.4336615,1.289667668,1.173953423,0.955165024,273.5853448,252.686991,974.66667,13575098
1980-01,5.742162618,0.836698567,188.5671578,3.192031723,1.073217156,0.882429731,273.3746476,250.964086,986.8468359,15053607
1980-02,5.683993084,0.940346897,194.5294911,17.88273616,1.041899374,0.845998535,273.2082093,252.8334029,981.4556335,16074814
1980-03,5.0690105,0.986363988,197.4080088,70.28121782,0.836539961,0.702911999,273.1823617,254.863226,986.0487037,16207072
1980-04,5.265531117,1.396480066,216.6672864,158.3672816,0.968582773,0.74198258,273.2484084,260.517213,984.7621496,15546525
1980-05,4.830459463,2.320996175,260.8847534,224.8677108,1.036176177,0.639200541,273.6397745,270.2329977,986.7196039,14080852
1980-06,4.552950746,3.804604219,287.9399391,248.2176183,1.440385822,0.420868671,274.6744596,276.9512465,980.3111492,12372595
1980-07,4.249461043,4.848419566,308.832973,195.1287073,1.687025227,0.167804993,276.2631711,279.4430566,981.585601,10433081
1980-08,4.758632767,4.58479937,300.769644,137.4622,1.813134185,0.366843236,277.2823028,278.4518443,981.9244687,8082016
1980-09,4.957922945,3.202356637,275.6084852,71.54703627,1.616206543,0.632602839,276.5672788,272.9376396,980.8228501,7856976
1980-10,5.457733157,2.012807048,246.8671832,25.19951175,1.501856055,0.990750459,274.9027077,265.9632017,980.3670778,9485305
1980-11,5.309675997,1.097577727,202.3005752,5.32317282,1.247416186,1.017201451,273.9876783,255.0942015,981.1404971,11721403
1980-12,5.590333842,0.849712625,189.0141058,1.276124655,1.143941348,0.952838801,273.476972,251.2628144,982.1752469,13752372
1981-01,5.960061961,0.98459766,200.2378057,3.01512778,1.31302933,1.12383671,273.2095564,253.7238174,976.7210104,15109158
1981-02,5.735260418,0.882117696,191.3991577,18.61696505,1.116540578,0.935257397,273.1365529,252.128796,981.9012113,15748975
1981-03,5.424766999,0.972385487,196.0295495,69.48715475,0.93044904,0.802165069,273.00516,254.5744305,984.3477876,15703794
1981-04,5.010104957,1.407260424,222.1772303,154.1910989,1.0368467,0.844678101,273.1478882,261.5739747,982.3137957,15192945
1981-05,4.845108748,2.354139603,257.3471757,231.9180128,1.121603399,0.722345479,273.5236933,270.2239771,982.6580393,13921115
1981-06,4.478472834,3.825139818,291.0324246,240.8373075,1.609066819,0.355825636,274.5060616,277.2229175,982.5461081,12621552
1981-07,4.535310089,4.855318148,307.4281838,196.6628251,1.897384174,0.247135275,276.0212867,279.4884756,978.9462164,10667981
1981-08,4.667342874,4.653552724,303.3769238,134.4574714,1.909646286,0.376406061,276.9304517,278.5889607,981.0940058,7886965
1981-09,4.904747339,3.256804144,280.2947927,68.07381205,1.665356983,0.635884991,276.4818907,273.2374317,983.6818591,7250748
1981-10,5.471601267,2.078962713,250.2131653,24.43981927,1.58585545,0.997149533,275.0129916,266.0168454,985.2937415,9214381
1981-11,5.516764775,1.315791996,218.5862967,5.194928089,1.357253957,1.054995387,273.940276,258.6011614,980.5052903,11206113
1981-12,5.736647492,0.904097887,195.4397457,1.261348761,1.15745409,1.038355303,273.3393575,253.2765242,979.764719,13776309
1982-01,5.671618696,0.693219044,178.7136259,3.309544223,1.026041802,0.874262956,273.1296495,248.5372954,983.3663932,15340865
1982-02,5.559941364,0.945350632,192.6104585,17.572059,1.148786925,0.88458704,273.0425855,251.9581176,980.8646322,16135234
1982-03,5.239661022,0.971833483,192.6877229,68.15662052,0.938835336,0.748828982,273.1005343,253.6169852,981.2872484,16227629
1982-04,5.13226304,1.428159151,218.614445,154.6221552,1.144025326,0.900736999,273.1141677,260.7498749,980.1525093,15624536
1982-05,4.753281337,2.122151236,252.8387695,229.5658157,1.112219932,0.626959761,273.4190432,268.7525264,986.4916252,14180382
1982-06,4.530624931,3.606047012,287.735656,245.6259962,1.41095191,0.429594802,274.4008665,276.3845888,984.0423823,12749741
1982-07,4.595061491,4.913375433,306.3139923,209.2281464,1.687147963,0.23514669,275.9446814,279.923464,980.2959806,10805880
1982-08,4.621139877,4.398413325,299.9029524,135.6954974,1.811559768,0.317311066,276.7595684,277.9915603,980.825592,8300662
1982-09,5.2036055,3.144144862,275.1380557,71.58049791,1.878402177,0.727767146,276.0966608,272.9868093,979.0292716,7454783
1982-10,5.16384034,1.838470824,240.7489852,24.74645033,1.519298391,1.068774245,274.8413917,264.2649662,981.7722213,10019317
1982-11,5.573887299,1.192395758,206.9059365,5.20654102,1.375422756,1.027114096,273.9645309,255.4148939,979.0725636,11959292
1982-12,5.733035984,0.997674849,196.1043608,1.193348906,1.293527445,1.045162921,273.5291198,252.7166817,976.2095128,13871330
1983-01,5.711778183,0.86069722,188.5022023,3.142078021,1.237976541,1.027715238,273.2691979,250.7208939,976.3996175,15159948
1983-02,5.643276008,0.824434727,187.4896452,17.81532294,1.0525015,0.89989997,273.0848004,250.8754729,982.8448892,16095113
1983-03,5.447372855,1.032006187,198.3717875,66.32507416,0.974826627,0.793772825,273.0350218,255.0803984,983.1121787,16185533
1983-04,5.037230486,1.372832554,218.4749914,149.2964884,1.000435332,0.776494641,273.1407825,260.3437432,987.0674802,15363742
1983-05,4.689329018,2.141292992,252.8307351,226.4274374,0.957226352,0.587523066,273.5727641,269.0348789,986.0039839,13566764
1983-06,4.796467118,3.714419304,284.7988402,251.7574359,1.476188486,0.471990934,274.4013885,276.998739,981.0982673,12387795
1983-07,4.381616001,4.965009095,308.933609,196.6957751,1.816334313,0.230173661,275.7796242,279.7862759,979.9296617,10945685
1983-08,4.650177584,4.609606898,302.9694238,129.9922244,2.068376162,0.338248431,276.5189146,278.1896413,977.2877391,8392355
1983-09,5.008490878,3.325487035,278.7247049,69.15139199,1.763015183,0.655884569,276.2329349,273.4516262,981.0459882,7540600
1983-10,5.444396458,1.910898048,241.606727,25.0084791,1.687835562,1.055332632,274.8051483,264.6015602,977.4365464,9689444
1983-11,5.409763713,1.225662677,213.0506517,5.456083017,1.391296612,1.144904169,273.8349193,257.3707949,977.572763,11677528
1983-12,5.608649457,0.97927755,196.1674016,1.126333365,1.210676931,0.992637097,273.4988589,253.1396624,979.3781935,13487417
1984-01,5.411131614,0.913153096,192.1273923,3.205322436,1.075324728,0.93400814,273.2733602,251.5297542,979.6213842,14691196
1984-02,5.53870571,0.915935566,187.8525984,18.27530445,1.080366991,0.850429657,273.2119741,250.356336,983.0128545,15424012
1984-03,5.098513258,0.970643421,194.0664539,70.05509892,0.842960278,0.722923706,273.0845831,253.944026,988.168069,15716599
1984-04,5.103598724,1.315857202,212.255198,158.5684286,0.993218814,0.754790356,273.1911485,259.5691159,985.0508575,15226124
1984-05,4.730151003,2.358823327,256.7041716,230.0637738,1.113000001,0.664113737,273.5721264,270.1091692,982.8005769,13700707
1984-06,4.603540856,3.922856317,290.9920908,243.8881567,1.588404984,0.39086279,274.6737097,277.3495442,982.0064804,12253081
1984-07,4.286880364,5.176234354,311.3141616,196.8262526,1.8354048,0.206380831,276.1803996,280.15279,980.9425525,10217529
1984-08,4.705326982,4.526027378,302.6942245,129.5556399,2.079334477,0.380998181,277.0270698,278.1169125,978.4258374,7938903
1984-09,4.897714064,3.293761717,279.635852,68.8033491,1.633799682,0.667467549,276.5590035,273.5671516,981.5807055,7111240
1984-10,5.238220407,2.037912094,247.3312435,23.91611802,1.487038122,0.944751722,275.1277408,265.9145367,982.0966671,8870272
1984-11,5.460894744,1.191140538,209.9427829,4.929831543,1.17961395,0.903335272,274.1607074,256.5884664,981.2111411,11319686
1984-12,5.882627278,1.031830635,198.4002926,1.096028567,1.342333101,1.053256087,273.7261171,252.9433354,978.7041683,13213142
1985-01,5.684647418,0.879927596,190.6011229,3.168714533,0.997731507,0.875859741,273.4513978,251.6472296,985.2987376,14963667
1985-02,5.275916657,0.766846557,183.2783209,19.20192661,0.95249915,0.788624122,273.2727679,249.7191843,989.4510305,15771314
1985-03,5.350921685,0.963578632,193.1258832,69.75181392,0.998195217,0.843007631,273.1636126,253.9640088,981.0611097,16137266
1985-04,4.997702176,1.231716502,212.088254,159.1993209,0.919967136,0.743362271,273.2098452,259.5205602,983.4424475,15407986
1985-05,4.583974561,2.252201679,257.7018553,228.5136346,1.060818597,0.676857062,273.5613692,269.6868084,984.7910476,14260927
1985-06,4.453277292,3.800986703,289.5076565,248.6584979,1.334149963,0.333322797,274.4781954,277.3166464,982.9898162,12445600
1985-07,4.463709519,4.877146299,307.7668535,199.7815411,1.663467155,0.163515278,276.1355342,279.5004635,982.118979,10158967
1985-08,4.578660818,4.501668815,300.9599831,135.3087747,1.949035643,0.311336093,277.246437,278.1832434,981.11714,7504422
1985-09,5.126017476,3.308997806,278.7007187,71.0210506,1.820453314,0.621573708,276.5974597,273.535422,981.0878178,6935105
1985-10,5.438012191,2.004395222,242.9349829,24.39461971,1.64261858,1.030272611,275.0393183,265.0065944,977.9406295,8915441
1985-11,5.749934791,1.280959455,216.569383,5.154006224,1.449602125,1.178287011,274.0487614,258.0128701,983.7523806,11417014
1985-12,5.582664152,0.967919176,199.3535714,1.13931119,1.128020499,0.950914107,273.5767507,253.8008208,984.9159619,13249869
1986-01,5.362961427,0.784038831,184.0125691,3.270734202,1.015241063,0.859569571,273.3287314,249.5033086,981.351459,15119253
1986-02,5.325249646,0.867956907,190.6430978,19.22823852,0.919360269,0.799852716,273.241757,252.3575829,985.5223562,15987907
1986-03,5.511305274,1.016966658,192.8788317,69.03338719,1.013340342,0.794062118,273.2018541,253.8502181,975.736474,16163104
1986-04,5.190024337,1.30240942,216.7328864,154.9888096,1.0287774,0.845487906,273.2154038,260.5064245,984.6907758,15228300
1986-05,4.663996257,2.30791925,258.7394002,225.0402953,1.113849292,0.638220925,273.6642162,269.8554815,983.4670704,13545526
1986-06,4.615974557,3.767828157,288.3290773,246.8406547,1.434790383,0.424566256,274.5558196,276.7979679,978.9746823,12139090
1986-07,4.372295877,4.916334645,307.7300987,200.6399532,1.797173036,0.238776223,276.1267322,279.5907223,981.2758992,10496259
1986-08,4.617388914,4.364169798,300.3343165,134.3998492,1.952581278,0.399970649,276.9734528,277.9404233,981.836874,8044575
1986-09,5.045305841,3.086454784,274.7604635,71.60968209,1.919815308,0.822854302,276.2683452,272.7287408,980.5541673,7553857
1986-10,5.493074684,1.983123574,242.0643719,25.50910839,1.662921761,1.049696189,274.8144579,264.7576559,976.4618806,9922179
1986-11,5.261228159,1.343748817,216.3855204,4.915137518,1.390153808,0.987084548,274.0337685,257.6924622,979.2758535,11811566
1986-12,5.628933401,0.917097478,191.3197955,1.164387804,1.204005862,0.959969464,273.5530838,251.9715685,977.579344,13456959
1987-01,5.734335087,0.839737897,187.8482206,3.210817713,1.144046267,0.951792515,273.3097393,250.3178417,979.6893542,15277015
1987-02,5.189480025,0.76550951,182.537117,18.34203417,0.937082784,0.795373941,273.162904,249.4819855,983.9932221,16209585
1987-03,5.411739874,0.919951787,190.6281281,69.54778011,0.92163431,0.739629921,273.1282562,253.3621359,987.1648502,16017587
1987-04,5.179951595,1.320714257,215.1362521,157.3918036,0.937809571,0.728785389,273.1884825,260.0863081,982.7866116,15384298
1987-05,4.668044262,2.209882805,255.6975023,228.8446199,1.100384479,0.707430595,273.4832727,269.2429318,983.1778756,13845327
1987-06,4.473287613,3.66667351,289.1247413,243.0314709,1.471140886,0.416251312,274.488889,276.5276835,982.8131368,12612457
1987-07,4.296174514,4.955523682,308.6054271,202.8848944,1.637327993,0.180792058,275.9798622,279.8029124,981.5961111,10814849
1987-08,4.63313419,4.476489199,301.5331297,134.577349,1.765798501,0.283315108,277.157458,278.1784402,983.6667709,7717180
1987-09,5.043856763,3.11479497,272.9483503,72.99858,1.621219489,0.641206934,276.6386971,272.450735,980.1425143,7512706
1987-10,5.534297129,2.072706361,245.7667774,24.80343087,1.593494508,1.002809782,275.162106,265.3602309,979.502747,9331817
1987-11,5.460994996,1.161459359,206.7066417,5.191822315,1.222999464,0.956600472,274.1790788,255.3109196,982.2706237,11590097
1987-12,5.406777782,0.930626466,194.093018,1.192196991,1.184053393,0.947945529,273.6578179,251.5554576,979.6180625,11590097
1988-01,5.615864534,0.853239667,188.2905545,3.017566171,1.056166961,0.875383546,273.3184822,250.6577549,977.5179448,15188190
1988-02,5.491469427,0.885011862,191.0637082,17.99072532,1.009325848,0.840854465,273.1828889,251.4918261,983.9440769,15732702
1988-03,4.978395642,0.98393377,196.6474249,70.10323915,0.823387087,0.701631737,273.0966888,254.5477936,984.1357632,16231491
1988-04,5.346912518,1.283592602,214.8089689,159.1777928,1.041807338,0.873998303,273.1067694,260.2744176,983.6820262,15315907
1988-05,4.864933113,2.337574681,260.8923584,227.779548,1.063376507,0.625209662,273.5728748,270.3532805,986.7126801,13750518
1988-06,4.659702759,3.957926817,292.5375397,241.8766205,1.560073553,0.40566559,274.6301955,277.323416,980.5239337,12113514
1988-07,4.49156965,5.205864608,310.3699088,206.0972526,1.792736763,0.181681795,276.2149548,280.3519402,981.3493315,10115785
1988-08,4.718259846,4.639477745,304.2699371,129.8229114,1.967498312,0.304588222,277.1638991,278.3942536,978.7087775,7985808
1988-09,5.224536999,3.399770107,279.6929776,70.38962361,1.85319688,0.661162316,276.649546,273.808027,977.6949466,7529886
1988-10,5.545424479,2.009845888,242.3889344,25.65830415,1.607113978,1.071656744,275.07246,265.396041,978.6089481,9508883
1988-11,5.347505921,1.129791793,207.3494809,5.152972404,1.297852535,1.019675527,273.9151933,255.7487669,979.2016957,11727820
1988-12,5.562459092,0.958445019,196.7783413,1.187599007,1.264586022,1.034748425,273.4018179,253.0083632,974.3109053,13873842
1989-01,5.658548431,0.786091176,179.5999213,3.413788753,1.254503895,0.961106022,273.255638,248.2861831,972.7192796,15227711
1989-02,5.974982342,1.004876347,197.6072346,17.53960334,1.397392911,1.190350151,273.1709728,253.5655139,974.1496479,15670791
1989-03,5.49499757,1.082944433,198.0485287,68.46482937,1.050505682,0.85564825,273.0975201,254.9905831,979.4921556,15621569
1989-04,5.144356942,1.440510285,220.5675483,156.8034922,0.946086364,0.75160956,273.2777566,261.3118525,985.3671588,14526319
1989-05,4.84882787,2.320516331,257.8727112,227.2289463,1.288982847,0.712643487,273.6387219,269.8376672,983.0159722,13048365
1989-06,4.630031059,3.911134898,290.77037,247.3502005,1.570278883,0.477733778,274.5802564,277.3682097,980.9788297,12372855
1989-07,4.695350573,4.991585469,309.8731297,195.4552097,2.01903649,0.271130689,276.0656238,279.8630871,978.3728969,10467050
1989-08,4.517907025,4.745175344,304.0551291,133.6713573,1.97576119,0.276025335,277.1163442,278.6846511,978.1238054,7996732
1989-09,5.288815702,3.36249519,280.4454182,68.7122096,1.965108313,0.761945255,276.5186577,273.5207803,977.4356441,7082278
1989-10,5.152021619,1.96992697,242.7284409,24.33814823,1.523349794,1.004304997,274.97303,264.8066535,977.5195504,9548262
1989-11,5.476758632,1.199694752,206.9159925,5.12940805,1.310136773,1.042893184,274.1056078,255.6579326,980.1595041,11565367
1989-12,5.565116947,0.963784592,194.7356091,1.196361787,1.143065904,0.951906509,273.5343949,252.683099,979.5053279,13571420
1990-01,5.384419912,0.889414796,187.9548461,3.191348449,1.063483155,0.803061382,273.3443727,250.0093003,979.0727507,15068129
1990-02,5.47237865,0.941891286,186.6890967,18.67441609,1.107710903,0.852167943,273.2475453,250.3004212,974.6982788,15687335
1990-03,5.815087069,1.153545769,205.4075466,67.47516709,1.265121026,1.045802303,273.1257375,256.8767829,973.7266263,15988765
1990-04,5.632912162,1.554532812,226.4852697,155.2454019,1.158133466,0.91303433,273.17825,263.2664612,979.6268698,14790684
1990-05,5.122868132,2.529378116,262.1623388,225.6209147,1.287293362,0.795754945,273.6431645,271.4537188,979.6208054,13360804
1990-06,4.510902967,3.956429401,291.5300929,246.295656,1.403908569,0.302776112,274.9446102,277.7795976,980.8854182,11768040
1990-07,4.420469687,5.113908547,310.5060881,202.7537283,1.77619575,0.192435008,276.5680076,280.2702611,981.5510941,9684245
1990-08,4.664493697,4.675007259,304.9432938,132.9580099,1.885476886,0.250924504,277.6176321,278.71843,981.2861332,6872831
1990-09,5.153404996,3.190235702,277.718179,71.049187,1.748647809,0.674829972,276.8814024,273.3637378,980.8968245,6272115
1990-10,5.35950298,1.919444842,241.4846921,24.8829276,1.563525456,1.051486265,275.1497411,264.8263278,977.4965956,9397506
1990-11,5.410984267,1.117126416,204.7902389,5.060305679,1.350137137,1.073341293,274.0947675,255.1180521,980.3397122,11368959
1990-12,5.992882723,0.950266371,192.7204265,1.123048111,1.434043762,1.150788698,273.6034783,251.575314,976.815285,13359619
1991-01,5.680716919,0.911116503,190.094126,3.221355114,1.147217985,0.909996307,273.3869643,251.1611551,980.1212934,14584139
1991-02,5.633795068,0.850489594,186.1044412,18.43174023,0.997327705,0.79668367,273.3450256,250.6048692,982.2657397,15366355
1991-03,5.246761874,0.998774308,195.4396534,67.10147534,0.979809764,0.80176611,273.2558672,253.847303,983.6128391,15599345
1991-04,5.292170338,1.439956827,218.5172603,157.2930497,1.024226289,0.783024055,273.2672132,261.335186,982.0192842,15029586
1991-05,4.724153879,2.462157943,262.0090113,224.0191466,1.252986958,0.69767652,273.6071563,270.746235,982.8362663,13582530
1991-06,4.457619352,3.967359332,292.3715953,244.6048284,1.473937285,0.362966275,274.7352204,277.535,982.377787,12293986
1991-07,4.459117157,5.182907535,310.1530308,211.0900137,1.599248981,0.193988065,276.5687421,280.5584712,981.1023855,9764685
1991-08,4.852353945,4.827504651,305.8255862,136.2959316,1.884324575,0.343169815,277.6295995,278.9801262,977.8076786,7456080
1991-09,5.150443372,3.410972118,282.1192821,70.77620944,1.737236056,0.573690834,276.708057,274.0083851,980.9917537,6589707
1991-10,5.573106492,2.013313443,244.7577588,24.55393527,1.729107419,1.109702517,275.198887,265.4783905,980.2703451,9198908
1991-11,5.622902215,1.277214781,215.0428537,5.341752764,1.379258874,1.033788213,274.1384116,257.9502854,978.8350736,11163069
1991-12,5.93935733,0.956407562,195.2383554,1.211905961,1.324748173,1.03736074,273.6290944,252.7427412,973.8214082,13208271
1992-01,5.765857717,0.897419286,188.8327221,3.101054521,1.248083307,0.97217104,273.355834,250.8541603,974.5380101,14858012
1992-02,5.407808563,0.888373237,189.064707,17.63607875,1.188568167,0.94509922,273.2525342,251.1802856,977.8589165,15620115
1992-03,5.33107308,1.100996161,199.7607705,67.52659999,1.064081103,0.861671293,273.2071165,255.3856127,979.8159661,15619182
1992-04,5.025050295,1.255882367,215.6232744,155.5520071,0.904953822,0.713588756,273.2211539,259.923314,987.2690619,14799292
1992-05,5.030418934,2.268101169,253.9066742,230.3887488,1.251844028,0.817603581,273.6021634,269.406657,980.201523,13312944
1992-06,5.00534721,3.585069368,285.4783882,245.8635781,1.540921675,0.511825047,274.7122582,276.3600351,981.5382479,12200368
1992-07,4.627160702,4.668180076,303.2981719,205.0734274,1.633684195,0.26372567,276.0728479,279.3623574,980.1531115,10700487
1992-08,4.718383671,4.317294199,297.9115796,133.6629581,1.784845593,0.367915891,276.9035297,277.8346767,979.4084197,7955099
1992-09,4.965277831,3.038560819,273.7701656,71.35548406,1.589031859,0.751300895,276.2831275,272.4409587,983.7349325,7592311
1992-10,5.301650948,1.784732229,238.6095909,25.27751869,1.561399191,1.182712018,274.8689149,264.1090179,979.0177563,9643995
1992-11,5.49486535,1.149768892,206.9275004,5.064119182,1.35615557,1.059135236,273.897495,255.666189,978.2643199,11913648
1992-12,5.895463017,0.955104493,193.0170992,1.24032021,1.359623264,1.067060192,273.4591133,252.1794441,974.7689137,13534834
1993-01,6.000840522,0.85730607,186.9749977,3.391253709,1.354143077,1.105969825,273.2393875,250.7553082,969.5112817,15199107
1993-02,5.862569773,0.930375288,192.9008154,17.25846953,1.238703131,1.050215309,273.0985087,252.1640479,978.8017608,15854349
1993-03,5.620233129,1.009677163,193.8889008,67.93064721,1.070554618,0.880823438,273.0421976,254.0302085,978.7636911,15978996
1993-04,5.166064202,1.384804321,218.1668278,157.9630484,0.870482934,0.671703081,273.1846127,261.3244238,984.7515123,15297398
1993-05,4.933513245,2.361098893,261.145921,225.2765366,1.10426262,0.673042024,273.522153,270.3456988,987.6420792,13599683
1993-06,4.353198805,3.842942924,290.3416721,245.9444721,1.363522269,0.31743977,274.6160843,277.5048181,983.6737934,12065763
1993-07,4.544202648,5.09734866,309.5521402,201.9350102,1.703776296,0.180237724,276.3521384,280.2149445,982.6582159,9736968
1993-08,4.713246835,4.476665403,302.5977224,129.4979042,1.903887498,0.35299112,277.1027397,278.1882887,982.3384944,7390006
1993-09,4.916803121,3.087186608,276.4661381,69.5768278,1.69433235,0.727423414,276.4715148,273.054131,981.8688943,6543385
1993-10,5.430774674,1.887982966,241.8917997,24.83994987,1.650207145,1.165079109,274.9215367,264.8802036,979.7402833,9246508
1993-11,5.862267289,1.279713524,211.7856819,4.92354864,1.418259041,1.082462618,273.9675755,256.7744367,977.3433725,11778670
1993-12,5.695913148,0.889347213,189.1268824,1.224881258,1.116981787,0.926396514,273.4979575,251.0735363,980.3242184,13583796
1994-01,5.623675932,0.750966416,181.2882432,3.156051429,1.021174131,0.862324899,273.2717555,249.1926672,983.843087,14942655
1994-02,5.422085916,0.809868503,183.9778638,19.11018364,0.884462267,0.729071428,273.1529227,250.5320304,985.3174031,15719615
1994-03,5.44184696,0.996933387,194.2213654,68.87099336,1.04992198,0.858456019,273.0942641,253.9468696,978.8855389,15709945
1994-04,4.881647708,1.467122254,220.4452209,157.110223,0.932198694,0.693015982,273.1522067,261.5359526,984.6153791,15074225
1994-05,4.709644779,2.304712955,259.082974,225.4802865,1.139087759,0.678785166,273.6048247,270.0599263,983.1850835,13819856
1994-06,4.775692941,3.886936046,289.4098428,245.764923,1.609896225,0.367311081,274.5825804,277.3046743,977.4615982,12164629
1994-07,4.578573393,4.941999011,307.9254887,207.5487259,1.652820106,0.24770054,276.2122793,280.2578639,979.4626037,10299193
1994-08,4.841357789,4.548395596,302.5995454,133.0948551,1.907088212,0.392148941,277.1512449,278.4335941,977.9231202,7697984
1994-09,5.199842096,3.156573998,275.7437026,71.49358776,1.770795288,0.692908343,276.5163642,273.1316811,979.8598924,7243769
1994-10,5.47878187,2.005161903,244.3855264,25.37089411,1.60241056,1.044708457,274.9232099,265.669079,977.8133693,9529022
1994-11,5.545881919,1.150702068,206.9097836,5.179137328,1.365330326,1.058340958,274.0102006,255.982092,975.2145949,11348541
1994-12,5.728305797,0.963885693,193.7889121,1.224023688,1.219245468,0.957744676,273.5596625,252.0307843,976.7401721,13606609
1995-01,5.631537368,0.921370639,191.4323603,3.333192713,1.150921846,0.936246685,273.3416812,251.7617914,979.0332765,14742123
1995-02,5.437274335,1.015831427,196.9518594,18.18711805,1.047714365,0.880154103,273.2426434,253.593178,978.0974651,15370741
1995-03,5.471835026,1.031649213,195.9979113,67.33594096,1.117312187,0.924253889,273.1678312,254.2037782,982.7405628,15435938
1995-04,5.227642497,1.641462144,231.9880952,153.2385569,0.927573046,0.702568171,273.1931519,264.2072204,986.75273,14708445
1995-05,4.741371838,2.417111104,261.4566512,223.4278478,1.124421697,0.652637898,273.5976789,270.7519107,986.2887704,13218724
1995-06,4.616999371,3.972097326,291.8022897,242.9169489,1.578368065,0.334268245,274.7157492,277.6949846,981.233935,11661736
1995-07,4.510532046,4.954629421,309.7079705,194.6332169,1.74990611,0.137237083,276.3832302,279.6865981,980.1122798,9226616
1995-08,4.655689078,4.831925617,305.6965824,132.7863659,1.983816127,0.282582313,277.3928292,278.9254589,978.3034498,6749413
1995-09,5.141181216,3.457989852,282.570909,71.66756594,1.792747902,0.661362197,276.9223507,274.2905988,979.8327997,6181161
1995-10,5.527217919,2.007583891,244.5743647,25.4773478,1.674682473,1.064017479,275.2529059,265.9621994,979.1658009,8976796
1995-11,5.51144072,1.272343823,218.1722321,5.430318427,1.36197005,1.13040879,274.0940358,258.6891006,982.0996151,11048162
1995-12,5.657194611,0.878763216,191.4386529,1.240286873,1.057976573,0.895080949,273.5096594,252.2469941,982.2092865,13085316
1996-01,5.596816262,0.966802248,193.3515039,3.119419373,1.055185481,0.855364898,273.2810374,251.4515214,981.6471967,14353876
1996-02,5.877318459,0.850053101,190.6997691,18.44540238,1.178948844,0.99625123,273.1853368,252.3133003,978.9796339,15324546
1996-03,5.470068151,1.087238218,202.2662685,70.06682272,0.941636503,0.821668877,273.1475799,256.3501705,986.0638878,15253090
1996-04,5.0376224,1.371163163,222.0789028,158.8356899,0.884560535,0.698261218,273.2484264,261.8535834,987.8883651,14347812
1996-05,4.694763579,2.216998051,255.4156499,232.3349065,1.14218904,0.724611971,273.6443567,269.8436384,985.5376689,13138756
1996-06,4.559640249,3.696856154,287.2884403,246.7493535,1.528485743,0.419677469,274.678052,276.7895261,981.4086716,12171457
1996-07,4.588077201,4.900426993,306.9694182,203.9623873,1.835677005,0.279378652,276.3227042,279.8908147,979.4695162,10459376
1996-08,4.714676586,4.360573575,299.490427,133.15748,1.949707271,0.373290439,277.2521376,277.7443426,979.7203434,8285617
1996-09,5.012253801,3.07225234,276.0827305,69.53231788,1.652173624,0.775106116,276.7054702,272.6270807,984.3075974,7911530
1996-10,5.443771758,1.924074431,241.8139973,25.05433342,1.569169652,1.023565894,275.1356574,264.618625,980.1265153,9426298
1996-11,5.810865799,1.375679153,221.2841939,5.224622216,1.40838211,1.110390956,274.1354475,259.5071478,981.5290766,10612586
1996-12,5.438112461,0.945109078,195.751002,1.194434024,1.168764476,0.988924462,273.5900628,252.7988005,983.6187642,13207313
1997-01,5.83590879,0.765763749,182.2018849,3.292704227,1.099174974,0.91313852,273.2874942,249.4966163,979.3173768,14620773
1997-02,5.324161424,0.85417986,185.6816006,18.45835512,1.129501155,0.916874506,273.1638235,250.8856871,975.7547622,15633564
1997-03,5.381175968,1.028763004,197.881943,70.15799874,1.038849894,0.816541908,273.0910595,255.4587792,981.8028431,15690392
1997-04,5.399772157,1.497419107,222.8143317,156.5186506,1.098862894,0.872959867,273.1242955,262.5412397,981.6362429,14689029
1997-05,4.728819072,2.284961646,259.1779112,226.258195,1.121256769,0.613427083,273.5177771,270.3092542,987.2568921,13391653
1997-06,4.661428621,3.810259397,289.7425613,246.750529,1.409287704,0.346787965,274.7144139,277.1925389,982.5729231,11985158
1997-07,4.356623493,5.000955047,310.3824946,196.0624988,1.681654506,0.206754067,276.6266263,279.8209285,981.2491276,9658514
1997-08,4.927414545,4.580750845,301.8924264,135.1118074,1.89974771,0.371201982,277.6437973,278.4854888,979.7951676,7347113
1997-09,5.216676761,3.479524723,282.0029276,68.6865344,1.853322387,0.619905885,276.9544276,273.9099684,979.0120756,6775136
1997-10,5.504864779,1.986736037,247.7483134,24.7063914,1.647876006,1.125534807,275.3132754,266.0896131,981.7515727,8804354
1997-11,5.428868958,1.304430206,215.4009738,5.032269479,1.262408596,0.988412373,274.2503032,257.9302988,978.2616652,10944072
1997-12,5.482020853,0.942453323,192.1574398,1.170417593,1.119023077,0.866060502,273.7038473,251.8352662,977.5749677,13351908
1998-01,5.585005803,0.825362741,185.7938142,3.298627386,1.00228762,0.796849238,273.474436,250.2841475,985.9396255,14940232
1998-02,5.498000098,0.726214457,177.8398937,18.65718795,1.073039264,0.875292298,273.2818156,249.0444296,978.6220424,15897132
1998-03,5.522533001,0.989130873,196.7513499,69.09734878,1.059632444,0.900826225,273.1548082,255.1126248,982.623112,15775531
1998-04,4.839102062,1.435264283,224.7113021,155.1889761,0.930200634,0.759274507,273.2043414,262.0282449,983.0061642,14988185
1998-05,4.886615847,2.320179453,257.3013914,229.1530751,1.218758691,0.728234407,273.6027126,269.8394418,982.2953835,13862312
1998-06,4.428575249,3.966536564,293.5837206,241.1111852,1.506475029,0.284054473,274.8124002,277.6503905,985.0964166,11948231
1998-07,4.354330699,5.282777264,311.8739814,205.4171723,1.749245054,0.152266458,276.6834141,280.5708203,982.1260705,9674306
1998-08,4.608907837,4.814335007,308.0240341,127.0322092,2.044266654,0.282244894,277.4265587,278.8734673,979.2793821,7557743
1998-09,5.001098034,3.305487823,280.9056268,68.33283972,1.751476721,0.626213479,276.9326615,273.720834,981.0141605,6617915
1998-10,5.626466764,1.896279506,242.0163395,25.76398328,1.622185747,1.082438744,275.3806548,264.9246772,979.7120026,8887213
1998-11,5.3363754,1.256045389,215.3651386,5.354316566,1.188366145,0.845711573,274.2088794,257.5812282,985.3879533,10789267
1998-12,5.60564745,1.028080786,196.9062953,1.230957848,1.24832357,0.917619487,273.7027493,253.2218751,977.2819635,13337799
1999-01,5.206457506,0.792862207,181.4950292,3.364467517,0.929457449,0.741580951,273.4109057,249.4130983,981.3994251,14573454
1999-02,5.335435103,0.855941652,187.2301789,18.38343987,1.102019447,0.911633887,273.2371079,250.817107,979.5643578,15480723
1999-03,4.935256706,0.975522977,193.4334319,69.66127984,0.794136214,0.623540509,273.1902032,253.8202391,987.8597506,15521960
1999-04,5.009415181,1.3536034,216.673417,158.4139045,0.983026727,0.761622466,273.2567552,260.8370144,984.1366502,15244751
1999-05,4.678345946,2.216719306,256.1696713,229.0118287,1.157896403,0.710900664,273.610182,269.6029414,984.496217,13920440
1999-06,4.601135234,3.878301153,290.10763,244.9779283,1.576507939,0.440755232,274.6320649,277.0872238,979.1407111,12189139
1999-07,4.577703644,4.90392674,309.2895727,197.4539826,1.75241128,0.166634879,276.3211249,279.7129364,980.5510545,9649862
1999-08,4.563293813,4.434097973,302.869996,131.6388183,1.78351027,0.272149867,277.3155388,278.2635421,980.7005359,7436390
1999-09,5.148569866,3.313408494,279.6257317,70.51563336,1.683018599,0.658599111,276.8575632,273.820316,979.2090897,6292180
1999-10,5.345325846,1.953417158,243.0095242,25.23122648,1.500693389,0.923123764,275.3925656,265.2773753,981.1667464,9135965
1999-11,5.686066415,1.295827643,214.1700144,5.255275385,1.461181611,1.056840376,274.3087744,257.4874185,978.5777052,11028115
1999-12,5.44732721,0.979606923,196.855722,1.346823809,1.207781555,1.021032168,273.650301,253.1423451,978.0818202,12951470
2000-01,5.853332277,0.862015331,187.4195655,3.160035407,1.227599138,1.008939108,273.4024994,250.6432751,979.9815062,14535974
2000-02,5.486030865,0.97582441,193.3556307,18.22373124,1.085310356,0.866486728,273.2443149,253.056673,977.2703999,15302491
2000-03,5.465249084,1.046378928,197.9542271,70.47841475,1.068183419,0.889666884,273.1554697,255.3487272,982.0239105,15382748
2000-04,5.053780851,1.452715672,223.9665422,157.8698902,1.031161469,0.809565643,273.2258729,262.4457113,984.3061242,14751192
2000-05,4.664195386,2.282811379,256.3610645,231.3170289,1.107564759,0.658716058,273.6640027,269.8190244,982.1502979,13258767
2000-06,4.732903772,3.880008093,287.7761346,251.4243567,1.569650404,0.348142588,274.7427003,277.3348506,980.1109696,11797237
2000-07,4.497456935,4.936156085,308.4307823,203.2070165,1.699638213,0.246117124,276.4614108,279.9374119,982.0363244,9809609
2000-08,4.60932292,4.53174256,302.2718023,132.1544006,1.97469668,0.336819043,277.5115917,278.4246726,981.5377699,7272316
2000-09,5.09039974,3.187947604,277.7209908,69.59792267,1.874430807,0.761636057,276.8826888,273.3170565,978.1412407,6361242
2000-10,5.375376505,2.092939923,246.5836857,24.69866251,1.528249907,0.981871208,275.4098111,265.6050366,979.5085705,8945551
2000-11,5.412997011,1.331387046,213.9980166,4.782988807,1.215869903,0.893022731,274.4041064,257.5962996,984.2428919,10576434
2000-12,5.507008917,0.991498185,194.8169777,1.081732247,1.00257917,0.791920589,273.890938,252.6738766,986.2539025,12886842
2001-01,5.519529324,0.927800816,189.1905825,3.121345708,1.045072263,0.83361237,273.5541951,250.946816,980.5742853,14420073
2001-02,5.56661447,0.829391998,186.975943,18.91936821,1.046752386,0.901157,273.3011157,251.4392763,983.4284124,15417612
2001-03,5.108878302,0.884983989,190.9360805,71.77365895,0.813695393,0.710319059,273.2412278,253.6298256,986.7741622,15723336
2001-04,5.024033513,1.374091117,216.8257044,159.2357037,1.022023768,0.783068,273.2977971,260.784207,981.4757887,14973707
2001-05,4.819537293,2.324945001,258.2849089,226.7690377,1.307806498,0.740274574,273.7507834,269.9051819,982.7746542,13778176
2001-06,4.617957875,3.832891498,288.3867051,252.1057559,1.413248101,0.376977875,274.8751121,277.4797849,982.4991922,11753749
2001-07,4.506076652,5.093405763,309.6250661,204.6445504,1.795353257,0.206707053,276.7086186,280.4579851,980.6076424,9284882
2001-08,4.634739293,4.697924554,304.8984531,131.5111566,1.923245756,0.291725624,277.5576777,278.7330221,979.4017038,7529955
2001-09,4.825133645,3.451706047,281.9667451,69.77230393,1.658815965,0.635950788,277.2080783,274.1310663,981.0674307,6777849
2001-10,5.246075869,2.02433903,245.834124,24.82534032,1.487541596,0.94584738,275.6280587,265.5750978,979.2558225,8601947
2001-11,5.948532944,1.29503897,217.9312479,5.356684506,1.554825466,1.224072751,274.2815561,258.6528638,976.1766452,10942561
2001-12,5.578349745,1.07853619,204.1955082,1.294274635,1.167813116,0.941207602,273.7179482,254.9071466,982.4059456,12917951
2002-01,5.522995252,0.881501186,187.5062298,3.254345114,1.204725121,0.93386459,273.4647045,250.7822442,975.9752447,14568011
2002-02,5.595976989,0.799152132,181.3794746,18.69851159,1.086173796,0.921380708,273.2717955,249.6643807,978.3548484,15465497
2002-03,5.265021024,1.081556074,202.3731563,68.94290043,0.99036336,0.819535778,273.1833644,256.3281552,981.2216967,15536855
2002-04,5.279498236,1.397481882,217.3904275,157.9023541,1.012132103,0.765610445,273.3715803,261.0282803,984.622894,14455330
2002-05,4.869376207,2.363662476,257.9104506,230.6186559,1.178076549,0.677847527,273.8234758,270.301772,983.7615505,13175821
2002-06,4.430008409,4.03648338,291.6435138,251.3266022,1.427641588,0.327591901,275.1560582,278.0222141,980.0460132,11774150
2002-07,4.567274439,5.035134831,308.6332576,204.0113047,1.866375145,0.237479279,276.7178476,280.1765837,979.3919903,9579813
2002-08,4.552727571,4.723228227,305.9776324,131.7739023,1.873818289,0.25341782,277.8268944,278.7809458,981.5291956,6568202
2002-09,5.126498777,3.311047415,279.70782,69.04347357,1.923285688,0.729444087,277.2259359,274.0079075,978.5600091,5981516
2002-10,5.479130203,2.052929009,249.9526065,25.58325695,1.414390105,0.973021566,275.5965545,266.9495728,984.2053503,8825055
2002-11,5.326925883,1.363496023,219.3506542,5.121646095,1.149415661,0.858116217,274.4958657,258.8350893,982.5043757,10802291
2002-12,5.609140327,1.073996241,201.7175969,1.167527686,1.137490608,0.878469196,273.990374,254.2205614,981.0489062,12894841
2003-01,5.659979972,0.837067788,189.1545457,3.224973742,1.12116501,0.905502937,273.6737997,251.7139074,978.8311963,14587970
2003-02,5.463157909,0.90945469,186.1154588,18.21634537,1.051304705,0.787960455,273.4361677,250.8903557,981.1658625,15352767
2003-03,5.492110116,1.067201558,196.9595859,68.49640085,1.095236324,0.849937454,273.4079323,255.2205828,979.9529293,15614924
2003-04,5.207538169,1.505856391,224.7979341,153.9925803,1.01750783,0.807967351,273.5421946,262.3365897,983.6025763,14680578
2003-05,4.968331583,2.38830331,258.9591824,229.4452443,1.258365316,0.703806031,273.9715938,270.7719349,982.0327003,13085408
2003-06,4.438817261,3.863034749,290.6513279,244.0300207,1.466780249,0.357985983,275.2034901,277.273461,981.3686077,11852723
2003-07,4.524144016,5.114226379,309.3260081,209.7314613,1.700056849,0.23727379,277.2489201,280.5229679,980.9056959,9527327
2003-08,4.612665744,4.902868746,307.5521264,134.6129645,1.96332305,0.314290915,278.3462983,279.2888393,981.9112952,6934298
2003-09,5.150481386,3.554032035,283.994252,71.50859097,1.866313515,0.640477538,277.5059921,274.8060886,979.1108738,6184659
2003-10,5.340275499,2.269259415,253.7835469,24.98683746,1.597547063,0.971158911,275.6999952,267.6363587,981.1720661,8671509
2003-11,5.281472677,1.431112822,220.144642,4.887718826,1.411160344,1.016304545,274.6302589,258.612642,980.3963142,10317863
2003-12,5.942518531,1.018361998,200.8184313,1.184578679,1.413614242,1.1399922,273.964653,254.3435835,974.8176279,12888731
2004-01,5.440803438,0.862621245,189.0478995,3.238797535,0.985072049,0.779271378,273.6815384,250.9833464,985.4363348,14145035
2004-02,5.372126395,0.835598145,185.2553039,18.1590523,1.024365282,0.835798519,273.4583781,250.5312296,983.9055315,15044432
2004-03,5.302091485,1.025143545,194.4123793,70.0650575,1.008159235,0.809367363,273.4050446,253.9905593,983.966578,15151214
2004-04,5.083491631,1.484453821,223.6097422,156.5927045,0.934302167,0.700511079,273.533308,261.7987483,985.1315671,14204414
2004-05,4.639705659,2.379488058,260.4557472,226.0639269,1.142087162,0.593929738,273.9814713,270.2416984,985.5015563,12642298
2004-06,4.385779967,3.854823392,290.6231977,246.2586715,1.410474516,0.335251546,275.1339772,277.3161981,983.6713867,11581625
2004-07,4.253480765,5.055210307,309.5675184,203.0920518,1.682144169,0.216024426,277.0171088,280.1687528,980.7390906,9651145
2004-08,4.565086858,4.674447215,305.9265127,132.2608686,1.757007306,0.271318534,278.2123698,278.8550971,981.9289348,6867679
2004-09,5.131576504,3.345068705,280.4143162,68.283902,1.943701183,0.622400484,277.3854386,273.8650911,978.8385238,6081899
2004-10,5.421605366,2.068568091,247.9074296,24.0444068,1.583080793,1.047747742,275.7217008,266.3092816,979.6827041,8504884
2004-11,5.672266004,1.321720669,216.3326122,4.958626883,1.514188196,1.141008341,274.4776239,258.1782308,976.5141655,10658959
2004-12,5.867602751,0.975695156,193.7566486,1.145486564,1.351478637,1.028262835,273.9809565,251.9781314,978.6302223,12797208
2005-01,5.742618874,1.041334481,200.0849519,3.242119236,1.277206114,1.004485051,273.6772328,253.3860655,980.139228,13805291
2005-02,5.62792334,0.97213464,195.9919331,18.91693024,1.060824725,0.854061403,273.4621817,253.1351708,985.6210724,14502784
2005-03,5.335031068,1.05534378,200.6784252,69.34086666,1.001709427,0.838549768,273.3898488,255.7748924,984.4287024,14849592
2005-04,5.256392715,1.500153743,224.6123689,157.5571655,1.051845179,0.79384088,273.4743445,262.3415344,984.6518285,14179071
2005-05,4.918758218,2.468715621,261.996189,229.9811674,1.15874146,0.588993557,273.8188973,271.4147851,986.4327538,13065544
2005-06,4.406151255,3.986828474,295.0452577,240.6241058,1.352569481,0.224951643,275.0341507,277.9211187,982.3373692,11384970
2005-07,4.435861084,5.101134118,311.5894771,199.7210558,1.860883468,0.204860989,276.9672621,280.281131,980.3002589,8990790
2005-08,4.590324759,4.756010023,306.3279667,128.6349082,1.906075191,0.219874897,277.9474729,278.7823727,980.1327334,6326816
2005-09,5.432992284,3.449600913,280.1007467,69.17177886,2.008676641,0.605269498,277.2400385,274.1898782,978.4646936,5593692
2005-10,5.582635728,2.247576632,252.0356904,24.42118352,1.676749213,1.015608377,275.5629503,267.4643777,977.9838403,8486385
2005-11,5.484642144,1.490971237,225.1630588,5.056455622,1.463732377,1.047280056,274.4473437,259.8190434,981.5033596,10509688
2005-12,5.402668219,1.116052385,204.8916071,1.171878601,1.133819567,0.88156794,273.8839728,255.034323,984.8505966,12553241
2006-01,5.57356262,0.9712571,192.9061144,3.470252369,1.164864436,0.836140221,273.6054713,251.4166604,981.6947134,13724887
2006-02,5.652148669,0.985769813,196.1955301,18.13710682,1.10688032,0.906032776,273.4940164,253.1712224,981.8413796,14541957
2006-03,5.233853131,0.958700746,196.7867553,70.08712751,0.908149557,0.780089556,273.382356,255.0008432,987.3681921,14542387
2006-04,5.117068569,1.410559557,221.1382181,158.1234337,1.037290136,0.766900072,273.4227179,261.2184241,985.106797,14066142
2006-05,4.798279286,2.490763787,262.2298238,228.8164597,1.137194933,0.640111978,273.8779464,271.3714652,984.2747065,12679492
2006-06,4.665252259,4.05132625,293.4960199,239.1147201,1.659363268,0.389369439,274.9787323,277.9146689,979.2234267,11132544
2006-07,4.492034289,5.022730643,311.2476676,197.4589495,1.776707459,0.176196475,276.9033454,280.1220511,980.1717432,8735814
2006-08,4.344476774,4.737444501,306.3072456,130.704497,1.754412901,0.288662022,278.0761282,278.8888658,981.2073399,6561046
2006-09,5.286848157,3.668130828,284.8208628,67.89537628,1.956272298,0.624990473,277.4712368,275.0244185,977.4334964,5949744
2006-10,5.38337565,2.108033818,249.6380052,24.18454075,1.620524229,1.02228566,275.9087906,267.1902667,981.7773864,8359121
2006-11,5.600896403,1.366213533,220.7428311,5.126788765,1.491941152,1.068564896,274.562626,258.8576005,982.2751522,9878031
2006-12,5.668789587,1.202946095,206.2589565,1.199512181,1.380730119,1.000954487,274.0401402,255.2986352,971.8264205,12334078
2007-01,5.576709655,1.012538337,197.385895,3.102302601,1.308321452,1.067555954,273.6854017,253.2552709,974.9113908,13891515
2007-02,5.350184089,0.85307051,188.3674188,18.83425727,0.841618421,0.665992273,273.4856305,251.8414918,984.5093203,14648254
2007-03,5.49995892,1.10855655,199.9226054,68.13583554,1.079368214,0.829519564,273.3941938,255.301643,981.8053884,14756338
2007-04,5.517267704,1.689131961,233.8369101,150.5513105,1.150932664,0.83587229,273.455548,264.6246538,981.0006217,13968973
2007-05,4.631250699,2.286341968,256.1485277,229.4585296,1.146494832,0.582173641,273.9130934,270.18527,981.9817214,12956236
2007-06,4.555501108,3.96756324,294.1377309,241.3555654,1.434540159,0.339646079,275.1620033,277.7900024,982.7023247,11588930
2007-07,4.286570386,5.278419274,312.5568427,203.8967264,1.713339581,0.130382112,277.350377,280.7120844,980.441223,8187444
2007-08,4.532013447,4.957910449,308.5033293,131.036027,1.968065262,0.18998895,278.4513672,279.3947388,979.9599709,5405329
2007-09,5.209011305,3.450027064,281.8838632,69.6642431,2.060031564,0.565252525,277.8984844,274.6569225,979.476296,4324232
2007-10,5.740361314,2.304474995,254.5512008,24.90670608,1.79284652,1.073211343,275.8889857,268.2314725,978.2886211,6799766
2007-11,5.738759046,1.349209452,219.7754169,5.052594049,1.546495369,1.180864131,274.4975793,259.1986303,980.296392,10082302
2007-12,5.737029595,1.149210391,205.9830021,1.210513017,1.372160884,1.009767408,273.9504664,255.3051065,978.1303113,12448216
2008-01,5.691847013,0.923626948,192.5312473,3.090659566,1.191423629,0.96927019,273.6517806,251.9081929,979.0206727,14140570
2008-02,5.633853366,0.914364596,190.6202462,18.94401002,1.149801302,0.931356426,273.4476236,252.3370547,978.0642937,15092274
2008-03,5.271062667,1.003534155,197.7886154,70.95283229,1.007846477,0.850448913,273.3552503,255.2427336,981.6376765,15327558
2008-04,5.218028891,1.392345162,223.6266139,156.5487795,1.019032994,0.836277713,273.3844668,261.9693264,985.7725338,14485645
2008-05,4.622454358,2.415613567,261.6380881,229.7871958,1.018432031,0.585572589,273.9083588,271.1893292,987.4238998,13227604
2008-06,4.700455229,3.873887221,289.8540553,245.5305667,1.604676011,0.395304513,275.2599909,277.4964354,982.0148425,11410751
2008-07,4.562188782,4.957210958,309.0686106,201.821613,1.806296,0.194680648,277.301597,280.1161542,980.8992652,9008575
2008-08,4.633792025,4.787492736,306.383803,130.5505418,1.921663408,0.257332824,278.5276326,279.0171225,979.5020406,6068790
2008-09,5.049474065,3.416673547,282.6979694,67.42622104,1.715266458,0.609369752,277.6535177,274.4977474,981.0636041,4736942
2008-10,5.71280214,2.143765198,247.9564468,25.14815898,1.844161067,1.108900854,275.6809137,267.245657,976.140193,8439029
2008-11,5.458170028,1.351663924,219.7967283,4.946066363,1.379869037,1.073138011,274.4007602,258.8994268,980.1125641,10644064
2008-12,5.693366818,1.0905477,203.3718343,1.171932688,1.366948786,1.068208243,273.879745,254.5150698,979.766598,12568539
2009-01,5.823612516,0.964216049,195.2937381,3.325135243,1.143057855,0.882076122,273.6245182,253.0889906,978.9087869,14189868
2009-02,5.251967557,0.811154795,187.2521615,18.20684163,1.047256255,0.873368396,273.4160043,250.7390328,985.0251726,14926167
2009-03,5.139764413,0.954408114,195.8736718,69.27267291,0.971422617,0.775682875,273.3692373,254.2859645,985.250161,15207009
2009-04,5.268630463,1.43916492,222.3694716,156.3379742,1.106865608,0.853280293,273.4309436,262.0225153,982.5400337,14639814
2009-05,4.860586935,2.309116865,257.6125692,231.1774853,1.12855281,0.646590329,273.834613,270.3644665,982.070167,13427909
2009-06,4.465194096,3.794305869,291.3310949,243.1686262,1.364240815,0.324868056,275.1240057,277.4171665,984.297929,11510998
2009-07,4.515461386,4.916220052,308.7108538,204.3296718,1.561675335,0.144121839,277.2001895,280.2141492,984.7392407,8836383
2009-08,4.567850964,4.669131207,303.8384977,134.1623096,1.844698784,0.264680646,278.5910159,278.9697029,981.2001856,6287725
2009-09,5.21873665,3.609628621,283.3418146,70.52788189,1.872038835,0.56480274,277.5486785,274.7994229,977.5069396,5388226
2009-10,5.389448133,2.152224725,250.4765851,24.73206599,1.504095988,0.911125921,275.643451,267.3807701,983.7999742,7549044
2009-11,5.470836996,1.379513027,218.4176258,5.065664515,1.227483791,0.904137634,274.5396605,258.4916334,978.6659409,10264770
2009-12,5.631330487,1.043491551,201.4364171,1.156711988,1.171703948,0.942088927,274.0252449,254.2461947,988.0575634,12564894
2010-01,5.898730374,0.890278685,192.2590325,3.39144871,1.091211879,0.8661034,273.7166376,251.9810364,984.7298144,13905174
2010-02,5.265638997,0.865632957,190.5257825,19.16572804,0.818981413,0.694174083,273.5616947,252.2332336,990.740474,14699490
2010-03,5.272325805,1.023691764,200.5104559,69.81292581,0.952574527,0.782455717,273.4368301,255.7347392,981.7984188,15191245
2010-04,5.171682652,1.585614546,230.0423547,154.7143309,1.029799758,0.75108225,273.4792492,263.7232671,984.5978061,14763368
2010-05,4.678608833,2.542393066,266.0892525,224.9495006,1.054916008,0.55150383,273.896459,272.0571795,988.3056569,13168434
2010-06,4.579302083,3.932268123,294.93685,233.8932041,1.591763011,0.28575651,275.2647269,277.7104321,980.9956356,10859325
2010-07,4.54032316,5.205614861,312.141196,203.795743,1.793155973,0.186187909,277.4402669,280.7851412,979.5960714,8381012
2010-08,4.656714509,4.863319529,308.9219216,128.8880508,1.983870759,0.242903924,278.7058576,279.3454557,980.5488821,6034017
2010-09,5.029576739,3.500542332,284.0285381,67.16070974,1.75506668,0.573132346,278.0712016,274.8600322,982.086285,4932518
2010-10,5.476246507,2.260748829,253.3517207,24.73827662,1.588682552,0.938227839,276.1688177,267.8502349,979.7989285,7728827
2010-11,5.493175713,1.410907419,222.3268936,5.365137888,1.434585736,1.115074925,274.6516907,259.8364462,980.1481175,9889364
2010-12,5.540632003,0.981706851,200.3910605,1.245672132,1.172775567,0.996546396,273.9558714,253.869688,988.1096543,12074823
2011-01,5.690564076,0.976440067,198.6361066,3.17738684,1.143417765,0.942588708,273.6472734,253.3595189,984.6945977,13687408
2011-02,5.736220081,0.881356842,190.0315298,18.25838442,1.194606111,0.952631899,273.4887229,251.835016,977.9638254,14485507
2011-03,5.762618943,1.130765966,205.7977246,69.20652553,1.130053459,0.939643215,273.3420995,257.4921248,977.1715727,14667862
2011-04,5.177911513,1.63512562,227.469784,152.5198477,1.134718452,0.784127404,273.4144349,263.0241081,977.1883005,14220151
2011-05,4.771756433,2.401321666,258.9792481,232.3629524,1.070851454,0.591733603,273.9128324,271.1098881,985.5946161,12879445
2011-06,4.73205279,3.982745367,294.101402,241.7293257,1.425725723,0.278233103,275.0569318,277.8568091,983.4098575,11040404
2011-07,4.502530911,5.092944255,311.8408403,200.7992165,1.732595869,0.129777617,277.2753486,280.5852679,980.9062254,7938013
2011-08,4.521765061,4.738437376,306.869263,130.836806,1.873045749,0.183549253,278.5451107,279.0519801,982.1972937,5566580
2011-09,4.969634043,3.630269832,285.0881528,67.92324871,1.808242186,0.528398928,277.9129657,274.8995966,977.8120857,4631846
2011-10,5.535545601,2.310368303,252.4288341,25.02558823,1.820861843,0.994018886,275.9438163,267.7658699,976.8282753,7172775
2011-11,5.65329436,1.423710448,219.7609059,5.174421938,1.550343671,1.102832774,274.5830692,258.7900865,976.7221006,10034601
2011-12,5.798917674,1.144972275,205.0361965,1.201204681,1.381095343,1.100325681,273.8983652,255.2241386,974.8394033,12466197
2012-01,5.522866949,0.973906901,196.273601,3.453215661,1.12505474,0.86417249,273.6005636,252.6331149,983.6020964,13860823
2012-02,5.663662372,1.022849042,198.5772899,18.38056429,1.144781792,0.888572992,273.4160296,253.9844663,981.2409552,14697697
2012-03,5.393461789,1.043604942,198.3402812,70.52987203,1.036438463,0.794651984,273.3409451,254.8325202,982.1478035,15313867
2012-04,4.899873519,1.514858248,228.0531452,155.8125006,1.017403323,0.778765217,273.4226717,263.0450866,984.4375316,14783173
2012-05,4.919747654,2.471877778,263.1860448,227.8105365,1.210137467,0.655109554,273.8425003,271.3641552,983.767087,13161140
2012-06,4.588682857,4.204857331,298.3794781,238.6956181,1.487940671,0.288292272,275.4201052,278.6530701,982.7948448,10965768
2012-07,4.442884618,5.23005936,313.6604022,197.1138004,1.831719454,0.143205303,277.758273,280.9039362,980.0084594,7955719
2012-08,4.704143132,4.743084915,307.1461279,125.9421373,1.972512433,0.246504184,278.5999413,279.0500355,979.376774,4712820
2012-09,5.162643135,3.572797457,284.6606858,68.41544001,1.931006503,0.522451946,277.8188734,275.2601799,978.4634901,3629315
2012-10,5.279672423,2.177314929,250.7874033,24.37937844,1.553188681,0.957936915,276.0401635,267.8876836,984.9543265,7086881
2012-11,5.556463262,1.382315837,221.9524257,4.927532601,1.420302758,1.026472836,274.586227,259.5164655,982.2993148,9938665
2012-12,5.510863834,0.951562969,198.9011167,1.22287883,1.088060873,0.87123781,274.0158543,253.814161,986.1469039,12261353
2013-01,5.638833228,0.923728783,192.8971733,3.305787987,1.081756791,0.836649689,273.626814,252.0505075,983.0329897,13913058
2013-02,5.027226116,0.927616868,189.3496903,18.36419738,0.963780523,0.741173096,273.3755557,250.9611498,984.3585733,14813126
2013-03,5.281935135,0.854959957,192.7423594,72.91627608,0.863510514,0.758155678,273.3003557,254.1936977,990.8979547,15159427
2013-04,5.216215494,1.432375888,223.2665484,159.1542249,0.989006698,0.729810187,273.407848,262.5435946,985.6438985,14440180
2013-05,4.856414407,2.340542085,257.9794002,231.1060275,1.133988582,0.682854332,273.8450607,270.5663371,984.1502215,13125777
2013-06,4.77798201,4.089509642,292.6982606,248.2492788,1.528246368,0.378981597,275.4496677,278.22993,981.2313341,11604767
2013-07,4.419948711,5.075058078,311.9429512,196.5889096,1.736276474,0.188704587,277.3544597,280.3121433,981.2458772,8452798
2013-08,4.811283802,4.693822815,303.089503,137.2463743,1.937374439,0.338282602,278.5069427,279.0951269,979.9003517,6103660
2013-09,5.112408043,3.391537426,283.0794046,67.8485125,1.782966556,0.651832385,277.2962225,274.1045454,980.6215463,5353405
2013-10,5.435694483,2.163722439,249.8481507,23.84266673,1.710204368,1.069862317,275.4633851,266.9651865,978.3432799,8145809
2013-11,5.800675186,1.362560042,217.918069,4.936672239,1.606220464,1.203470549,274.3277104,258.9029115,975.1259959,10261823
2013-12,5.648061715,1.116820941,204.4407385,1.103431879,1.312899836,0.994707143,273.7556705,254.9984872,978.4047079,12450740
2014-01,5.399018759,1.006976069,195.3009256,3.05427848,1.081744904,0.84045467,273.5272865,251.7612735,981.9775853,13859281
2014-02,5.494212631,1.087208725,199.1914378,17.67764079,0.96275708,0.715443048,273.3886087,253.6508043,984.1577216,14545530
2014-03,5.386984529,1.188450637,205.8428625,69.31202464,1.088433026,0.854249457,273.3475902,257.3604413,978.6566556,14873045
2014-04,5.388741508,1.54867399,226.7691485,154.6541395,1.088896366,0.818940558,273.4977722,263.3256068,978.730444,14251514
2014-05,4.941980689,2.389572793,259.8640027,227.2990945,1.255348643,0.714436424,274.0129489,271.0338763,984.1652588,12804783
2014-06,4.554415317,3.901192364,292.7314598,241.1368375,1.564499381,0.358270597,275.6002441,277.6595568,983.2086166,11342310
2014-07,4.262954827,5.141277008,313.2847925,197.5043457,1.722252102,0.162708047,277.6983676,280.4453801,981.935409,8282561
2014-08,4.735102739,4.847455138,306.7422911,136.5535157,1.96142414,0.282363882,278.8624458,279.3704723,980.482654,6226020
2014-09,5.421835206,3.370359168,279.1210458,71.11919069,1.888952986,0.698317361,277.7252395,274.4050722,978.5485919,5292877
2014-10,5.356066039,2.08001142,249.9686607,24.80659571,1.542495185,0.99832314,275.6704868,266.8217695,983.1860207,8116325
2014-11,5.610035263,1.445972183,221.3630693,4.778189523,1.344202177,0.974928141,274.5347888,258.9597255,979.9997196,10379551
2014-12,5.73929448,1.10172222,204.0484743,1.129407037,1.427648684,1.110110583,273.9663945,254.6002189,979.1337798,12587452
2015-01,5.634117098,0.946304343,193.5161242,3.188606691,1.230244604,0.969725934,273.6152842,252.2270487,977.8351396,13753202
2015-02,5.897816422,0.955598932,194.5231651,17.35345941,1.277746983,1.037163476,273.3275266,252.6771638,978.8171289,14513390
2015-03,5.651279285,1.170093217,204.4826479,68.64783601,1.186522302,0.921640441,273.3105348,256.9922004,977.6840653,14486792
2015-04,5.179857669,1.567685497,227.9459435,153.7246914,1.027518368,0.756616478,273.4170051,263.0176511,981.1832451,13977043
2015-05,4.789034728,2.428684997,259.9778335,228.2353717,1.211456304,0.637515986,273.9340739,270.8749345,982.7809672,12687025
2015-06,4.72340831,3.981855292,293.1840411,242.2558739,1.603267371,0.303929603,275.3400428,278.0263547,980.4283815,11046918
2015-07,4.408034633,5.105280188,312.5015504,193.027678,1.746972937,0.09044425,277.2731405,280.2231932,982.1301512,8826170
2015-08,4.686671627,4.641179283,305.8244344,129.7693372,1.958678011,0.26116176,278.3726942,278.8271188,982.7735162,5656263
2015-09,5.110694491,3.460932339,282.5564419,68.3216358,1.911381775,0.709932873,277.49759,274.5482602,981.0888732,4684205
2015-10,5.420071421,2.181685658,251.7684464,24.49784041,1.625272979,1.00693999,275.6227832,267.3161594,979.1011481,7792677
2015-11,5.534617224,1.461323849,221.5922089,5.152726823,1.451479202,1.075795185,274.4751182,259.3536391,977.1007253,10106923
2015-12,5.834942399,1.067985724,199.369395,1.162794464,1.384641794,1.024273478,273.857564,253.5880877,975.65332,12333348
2016-01,5.529511685,1.06627121,203.4735351,3.106174159,1.029603677,0.82758944,273.5620956,254.8264868,982.2990862,13606835
2016-02,5.577759441,1.110098726,202.0656185,18.13686885,1.090343418,0.888589042,273.3586908,254.6424394,980.6700598,14291677
2016-03,5.156161588,1.216798524,206.4987661,69.76090942,0.943071812,0.728992425,273.4026984,257.314145,981.302066,14521587
2016-04,5.115541591,1.639337188,231.0026933,155.8606758,0.969760107,0.687877647,273.5739457,263.8714413,986.2477891,13805814
2016-05,4.807052953,2.578513052,266.0986995,224.2452289,1.168846451,0.616471056,274.2386206,271.9071815,984.819195,12093470
2016-06,4.647964073,4.121564697,294.8943987,246.4125794,1.492605479,0.329459873,275.7102889,278.7304813,981.7265871,10645155
2016-07,4.493379675,5.287309108,313.0468206,202.4167682,1.780333182,0.162623562,278.0545539,281.1285787,981.4162631,8183891
2016-08,5.052652136,4.891104556,305.9350844,136.1280854,2.078101209,0.325310692,279.0008633,279.7277097,980.1393593,5595206
2016-09,5.207002671,3.814702726,287.7368331,67.65825739,1.907111927,0.592181509,277.931918,275.5855073,979.5539175,4738491
2016-10,5.396848211,2.397239331,259.7594259,23.69686497,1.57060956,0.93125091,276.1691323,268.9726646,984.5424319,6489544
2016-11,5.353644112,1.548006916,228.4629151,5.155011553,1.439929562,1.016497316,275.0370587,260.9673747,981.0826386,9080282
2016-12,5.774318828,1.139846933,204.4564663,1.114044103,1.477241948,1.09064767,274.260862,254.7904087,976.73997,12062117
2017-01,6.084061892,1.019043376,198.772894,3.234827823,1.400885805,1.108139684,273.863738,253.4968757,976.7790859,13394913
2017-02,5.535624597,1.046063628,199.0885718,18.23238745,1.205227214,0.960826212,273.6728286,253.7628687,980.0453699,14261171
2017-03,5.520670816,1.245271501,209.2405493,69.475516,1.063738088,0.856210757,273.5565486,257.9844399,978.8018662,14456364
2017-04,5.037796015,1.492092382,226.1094171,156.7038333,1.108247605,0.825551525,273.5589845,263.0104313,982.7386354,13823701
2017-05,4.727478673,2.332210296,260.4750637,225.6486481,1.166137436,0.652084634,273.9993271,270.4621972,985.1446765,12747403
2017-06,4.69396091,3.912950202,291.3961924,246.1679163,1.497004689,0.33158348,275.4148631,277.7568367,979.8332379,11065909
2017-07,4.547021482,4.916583158,308.0745168,202.9855883,1.821527439,0.216664203,277.6314377,280.1930895,978.5632214,8271989
2017-08,4.748373893,4.879515297,307.9575508,132.4559478,2.020628056,0.340396995,278.7157418,279.5399361,979.4124055,5510251
2017-09,5.116914638,3.596853541,287.3686867,65.0042403,1.851834532,0.600703535,277.9217896,274.951463,981.4877576,4894919
2017-10,5.364104826,2.324415568,256.4777334,23.2172963,1.743619823,1.02662506,276.3045174,267.9159649,979.5230444,7399693
2017-11,5.748687793,1.447799374,223.2774351,4.918426515,1.670314222,1.205690703,274.8641312,259.841582,981.3410118,9844098
2017-12,5.657147222,1.238034199,210.6475031,1.117471275,1.333841348,1.032194284,274.1430496,256.432746,981.3190955,12011969
2018-01,5.310133218,1.060445306,200.5329038,3.165985135,1.132007884,0.88584207,273.8104556,253.5697703,982.737708,13246553
2018-02,5.706556874,1.067519105,203.5989375,17.66132633,1.267719835,1.031595561,273.6163009,254.6457054,982.8859708,14115339
2018-03,5.137296468,0.95102559,195.6485754,70.33188539,1.008169826,0.873477498,273.4578237,254.7395318,984.9817429,14408998
2018-04,4.964348065,1.505893897,224.8229028,157.6509415,0.967128189,0.728179124,273.5341761,262.7258239,981.9051509,13766034
2018-05,4.998093593,2.348956527,259.8431578,227.6809737,1.24077964,0.707733245,274.0628019,270.3149588,980.4291779,12363082
2018-06,4.637448028,4.068188773,294.3314764,244.7882676,1.525215656,0.342318226,275.2949464,278.020243,980.2231302,10926087
2018-07,4.691679368,5.033390245,311.1630757,200.3108836,1.772245239,0.266722496,277.2520935,280.2967097,980.1075744,8661358
2018-08,4.743874154,4.882700812,308.8270868,127.4842707,2.129987024,0.241098268,278.5344999,279.1581644,978.2642823,5622998
2018-09,5.232015295,3.581254083,283.5153814,69.45878554,1.957572322,0.600476336,277.8874052,274.8401386,980.2086813,4834953
2018-10,5.516410439,2.44012105,257.1451006,25.10810997,1.784561765,0.973192274,276.1610045,269.0654484,977.7421347,6824601
2018-11,5.430916175,1.440216769,220.9092489,4.937238989,1.320884794,0.904150054,274.805928,259.1336652,983.4254999,10279618
2018-12,5.647007376,1.157657157,205.6487474,1.164421867,1.240499274,0.933756979,274.1522016,254.9328465,979.1783898,12092694
2019-01,5.296842176,0.885967836,189.2072892,3.15721286,1.143365939,0.938903375,273.7747687,251.3213191,980.8003747,13743560
2019-02,5.64567283,1.017365196,196.7228728,16.98771027,1.268799437,1.000761994,273.5942568,253.2931856,979.4034001,14568478
2019-03,5.46186974,1.250193068,208.322613,66.66033851,1.213759584,0.990312137,273.5012627,257.5863091,975.5999273,14718668
2019-04,5.127712819,1.630986054,230.9156489,153.0063612,1.015182636,0.76339013,273.622698,263.9099071,983.2696064,13525194
2019-05,4.802833304,2.566081511,267.023574,221.2418853,1.107376626,0.541531132,274.1451126,271.9260312,987.4780713,12310298
2019-06,4.570671367,4.146142053,296.7939661,242.830493,1.492700867,0.308632274,275.588317,278.6171353,984.1748985,10853923
2019-07,4.493871923,5.220490618,314.0784945,196.7057202,1.751165214,0.12552999,277.7276815,280.6634231,982.1890557,7950734
2019-08,4.552339787,4.948580283,309.1522295,131.9704232,1.874142791,0.205748345,279.0256635,279.6510148,983.4393077,5021197
2019-09,5.143106649,3.732865405,287.4809488,68.84326385,1.970815433,0.508019023,278.2404426,275.4515536,978.8136097,4451713
2019-10,5.490777787,2.309758847,256.1286412,25.10784624,1.806202017,1.076338624,276.3324914,268.7325826,979.5866495,6130548
2019-11,5.248684993,1.404763746,223.2825326,5.115320838,1.356642129,1.070119855,274.8083472,260.0155653,982.4618291,9759337
2019-12,5.432554429,1.140822319,204.3591541,1.139039053,1.290596659,0.951382406,274.0878129,254.6247989,977.6127603,12253321
2020-01,5.802032378,0.995130022,195.2593723,3.035187448,1.386270096,1.039082696,273.7215901,252.6400073,973.892649,13804917
2020-02,5.66917181,1.016706182,194.3351572,18.31934138,1.222045263,0.974077533,273.5388247,252.9021701,973.1696672,14749168
2020-03,5.873620772,1.08934558,199.9262626,68.20347878,1.328902306,1.096577093,273.428772,256.02502,975.717736,14927841
2020-04,5.593581549,1.638400607,229.6301259,154.3113281,1.182250683,0.905381123,273.4943492,264.2865011,981.3136597,13682679
2020-05,4.982445178,2.601279605,263.8259558,228.3929123,1.123287866,0.575207262,273.9558598,271.9196128,985.0333587,12569570
2020-06,4.488998826,4.297363505,298.0918427,244.6223063,1.438955178,0.288113739,275.6081197,278.8078807,982.0207825,10858243
2020-07,4.453381577,5.497872571,316.8644094,191.0669974,1.844854943,0.098257059,277.7806505,280.8393594,982.0078735,7667921
2020-08,4.48280173,5.073720504,309.9598763,132.7321145,1.800078504,0.225415201,279.1776182,279.8651251,980.835213,5207840
2020-09,5.199256579,3.801189291,287.1597483,68.01244926,1.913985225,0.451160165,278.2167084,275.4786397,979.3509094,4100908
2020-10,5.377679425,2.47282318,259.6284785,23.45107642,1.719039729,1.002086447,276.3567446,269.3019439,981.2376394,5591115
2020-11,5.940376361,1.667461622,233.7939372,4.863510068,1.747700743,1.216300056,274.8595815,262.026592,973.8236267,9476049
2020-12,5.798299528,1.145912667,205.159064,1.121919234,1.279145466,0.996564177,274.1131198,255.2053853,982.2299391,12254325
2021-01,5.420909128,0.948416938,194.8321627,3.115211625,1.017224264,0.836702466,273.7070913,252.2378451,986.160552,13480000
2021-02,5.285056625,0.872430642,188.1272839,18.76954355,0.958552842,0.737990886,273.4673723,251.1593568,986.4709473,14390000
2021-03,5.49421838,1.006107726,194.683072,68.31594886,1.135685317,0.919100215,273.4147349,254.3912403,977.7648256,14640000
2021-04,5.383687433,1.529497202,225.1717962,156.5677434,1.159049177,0.929777467,273.4702983,263.1463949,985.8018412,13840000
2021-05,4.77701967,2.451087848,260.9567812,229.6041383,1.077704883,0.575493529,273.8886266,271.5574636,985.6061815,12660000
2021-06,4.771452888,4.17645769,294.9317088,244.7028519,1.585094142,0.360145659,275.2450877,278.3609212,978.4366821,10710000
2021-07,4.754014384,5.19384574,313.3113453,196.7746311,1.957911303,0.248087673,277.2533136,280.4136953,978.2933035,7690000
2021-08,4.635243154,5.077385603,313.0035676,126.1468914,2.046782371,0.235518721,278.5561415,279.5560765,980.453507,5750000