id,label
A2000131.1850.tc1km-341-15511.jpg,0
A2000131.1850.tc1km-341-15512.jpg,0
A2000131.1850.tc1km-341-15513.jpg,0
A2000131.1850.tc1km-341-15514.jpg,0
A2000131.1850.tc1km-341-15515.jpg,0
A2000131.1850.tc1km-341-15516.jpg,0
A2000131.1850.tc1km-341-15517.jpg,0
A2000131.1850.tc1km-341-15518.jpg,0
A2000131.1850.tc1km-341-15519.jpg,0
A2000131.1850.tc1km-341-15520.jpg,0
A2000131.1850.tc1km-341-15521.jpg,0
A2000131.1850.tc1km-341-15522.jpg,0
A2000131.1850.tc1km-341-15523.jpg,0
A2000131.1850.tc1km-342-16471.jpg,0
A2000131.1850.tc1km-342-16472.jpg,0
A2000131.1850.tc1km-342-16473.jpg,0
A2000131.1850.tc1km-342-16474.jpg,0
A2000131.1850.tc1km-342-16475.jpg,0
A2000131.1850.tc1km-342-16476.jpg,0
A2000131.1850.tc1km-342-16477.jpg,0
A2000131.1850.tc1km-342-16478.jpg,0
A2000131.1850.tc1km-342-16479.jpg,0
A2000131.1850.tc1km-342-16480.jpg,0
A2000131.1850.tc1km-342-16481.jpg,0
A2000131.1850.tc1km-342-16482.jpg,0
A2000131.1850.tc1km-342-16483.jpg,0
A2000131.1850.tc1km-343-17116.jpg,0
A2000131.1850.tc1km-343-17117.jpg,0
A2000131.1850.tc1km-343-17118.jpg,0
A2000131.1850.tc1km-343-17119.jpg,0
A2000131.1850.tc1km-343-17120.jpg,0
A2000131.1850.tc1km-343-17121.jpg,0
A2000131.1850.tc1km-343-17122.jpg,0
A2000131.1850.tc1km-343-17123.jpg,0
A2000131.1850.tc1km-343-17124.jpg,0
A2000131.1850.tc1km-343-17125.jpg,0
A2000131.1850.tc1km-343-17126.jpg,0
A2000131.1850.tc1km-343-17127.jpg,0
A2000131.1850.tc1km-343-17128.jpg,0
A2000131.1850.tc1km-344-14421.jpg,0
A2000131.1850.tc1km-344-14422.jpg,0
A2000131.1850.tc1km-344-14423.jpg,0
A2000131.1850.tc1km-344-14424.jpg,0
A2000131.1850.tc1km-344-14425.jpg,0
A2000131.1850.tc1km-345-15006.jpg,0
A2000131.1850.tc1km-345-15007.jpg,0
A2000131.1850.tc1km-345-15008.jpg,0
A2000131.1850.tc1km-345-15009.jpg,0
A2000131.1850.tc1km-345-15010.jpg,0
A2000131.1850.tc1km-346-13911.jpg,0
A2000131.1850.tc1km-346-13912.jpg,0
A2000131.1850.tc1km-346-13913.jpg,0
A2000131.1850.tc1km-346-13914.jpg,0
A2000131.1850.tc1km-346-13915.jpg,0
A2000131.1850.tc1km-347-13191.jpg,0
A2000131.1850.tc1km-347-13192.jpg,0
A2000131.1850.tc1km-347-13193.jpg,0
A2000131.1850.tc1km-347-13194.jpg,0
A2000131.1850.tc1km-347-13195.jpg,0
A2001096.1830.tc1km-611-1321.jpg,0
A2001096.1830.tc1km-611-1322.jpg,0
A2001096.1830.tc1km-611-1323.jpg,0
A2001096.1830.tc1km-611-1324.jpg,0
A2001096.1830.tc1km-611-1325.jpg,0
A2001096.1830.tc1km-611-1326.jpg,0
A2001096.1830.tc1km-611-1327.jpg,0
A2001096.1830.tc1km-611-1328.jpg,0
A2001096.1830.tc1km-611-1329.jpg,0
A2001096.1830.tc1km-611-1330.jpg,0
A2001096.1830.tc1km-611-1331.jpg,0
A2001096.1830.tc1km-611-1332.jpg,0
A2001096.1830.tc1km-611-1333.jpg,0
A2001096.1830.tc1km-611-1334.jpg,0
A2001096.1830.tc1km-611-1335.jpg,0
A2001096.1830.tc1km-612-196.jpg,0
A2001096.1830.tc1km-612-197.jpg,0
A2001096.1830.tc1km-612-198.jpg,0
A2001096.1830.tc1km-612-199.jpg,0
A2001096.1830.tc1km-612-200.jpg,0
A2001096.1830.tc1km-612-201.jpg,0
A2001096.1830.tc1km-612-202.jpg,0
A2001096.1830.tc1km-612-203.jpg,0
A2001096.1830.tc1km-612-204.jpg,0
A2001096.1830.tc1km-612-205.jpg,0
A2001096.1830.tc1km-612-206.jpg,0
A2001096.1830.tc1km-612-207.jpg,0
A2001096.1830.tc1km-612-208.jpg,0
A2001096.1830.tc1km-612-209.jpg,0
A2001096.1830.tc1km-612-210.jpg,0
A2001096.1830.tc1km-613-907.jpg,0
A2001096.1830.tc1km-613-908.jpg,0
A2001096.1830.tc1km-613-909.jpg,0
A2001096.1830.tc1km-613-910.jpg,0
A2001096.1830.tc1km-613-911.jpg,0
A2001096.1830.tc1km-613-912.jpg,0
A2001096.1830.tc1km-613-913.jpg,0
A2001096.1830.tc1km-613-914.jpg,0
A2001096.1830.tc1km-614-2467.jpg,0
A2001096.1830.tc1km-614-2468.jpg,0
A2001096.1830.tc1km-614-2469.jpg,0
A2001096.1830.tc1km-614-2470.jpg,0
A2001096.1830.tc1km-614-2471.jpg,0
A2001096.1830.tc1km-614-2472.jpg,0
A2001096.1830.tc1km-614-2473.jpg,0
A2001096.1830.tc1km-614-2474.jpg,0
A2001096.1830.tc1km-615-3172.jpg,0
A2001096.1830.tc1km-615-3173.jpg,0
A2001096.1830.tc1km-615-3174.jpg,0
A2001096.1830.tc1km-615-3175.jpg,0
A2001096.1830.tc1km-615-3176.jpg,0
A2001096.1830.tc1km-615-3177.jpg,0
A2001096.1830.tc1km-615-3178.jpg,0
A2001096.1830.tc1km-615-3179.jpg,0
A2001096.1830.tc1km-616-4276.jpg,0
A2001096.1830.tc1km-616-4277.jpg,0
A2001096.1830.tc1km-616-4278.jpg,0
A2001096.1830.tc1km-616-4279.jpg,0
A2001096.1830.tc1km-616-4280.jpg,0
A2001096.1830.tc1km-616-4281.jpg,0
A2001096.1830.tc1km-616-4282.jpg,0
A2001096.1830.tc1km-617-3586.jpg,0
A2001096.1830.tc1km-617-3587.jpg,0
A2001096.1830.tc1km-617-3588.jpg,0
A2001096.1830.tc1km-617-3589.jpg,0
A2001096.1830.tc1km-617-3590.jpg,0
A2001096.1830.tc1km-617-3591.jpg,0
A2001096.1830.tc1km-617-3592.jpg,0
A2001096.1830.tc1km-618-14386.jpg,0
A2001096.1830.tc1km-618-14387.jpg,0
A2001096.1830.tc1km-618-14388.jpg,0
A2001096.1830.tc1km-618-14389.jpg,0
A2001096.1830.tc1km-618-14390.jpg,0
A2001096.1830.tc1km-618-14391.jpg,0
A2001096.1830.tc1km-618-14392.jpg,0
A2001138.0730.tc1km-663-1418.jpg,0
A2001138.0730.tc1km-663-1419.jpg,0
A2001138.0730.tc1km-663-1420.jpg,0
A2001138.0730.tc1km-663-1421.jpg,0
A2001155.1810.tc1km-743-10530.jpg,0
A2001327.1830.tc1km-157-9781.jpg,0
A2001327.1830.tc1km-157-9782.jpg,0
A2001327.1830.tc1km-157-9783.jpg,0
A2001327.1830.tc1km-157-9784.jpg,0
A2001327.1830.tc1km-157-9785.jpg,0
A2001327.1830.tc1km-157-9786.jpg,0
A2001327.1830.tc1km-157-9787.jpg,0
A2001327.1830.tc1km-157-9788.jpg,0
A2002040.1840.tc1km-788-10231.jpg,0
A2002040.1840.tc1km-788-10232.jpg,0
A2002040.1840.tc1km-788-10233.jpg,0
A2002040.1840.tc1km-788-10234.jpg,0
A2002040.1840.tc1km-788-10235.jpg,0
A2002040.1840.tc1km-788-10236.jpg,0
A2002040.1840.tc1km-788-10237.jpg,0
A2002040.1840.tc1km-788-10238.jpg,0
A2002040.1840.tc1km-788-10239.jpg,0
A2002040.1840.tc1km-788-10240.jpg,0
A2002040.1840.tc1km-788-10241.jpg,0
A2002040.1840.tc1km-788-10242.jpg,0
A2002040.1840.tc1km-789-10968.jpg,0
A2002040.1840.tc1km-789-10969.jpg,0
A2002040.1840.tc1km-789-10970.jpg,0
A2002040.1840.tc1km-789-10971.jpg,0
A2002040.1840.tc1km-789-10972.jpg,0
A2002040.1840.tc1km-789-10973.jpg,0
A2002040.1840.tc1km-789-10974.jpg,0
A2002040.1840.tc1km-789-10975.jpg,0
A2002040.1840.tc1km-789-10976.jpg,0
A2002040.1840.tc1km-789-10977.jpg,0
A2002040.1840.tc1km-789-10978.jpg,0
A2002040.1840.tc1km-789-10979.jpg,0
A2002040.1840.tc1km-789-10980.jpg,0
A2002060.1815.tc1km-752-17109.jpg,0
A2002060.1815.tc1km-752-17110.jpg,0
A2002060.1815.tc1km-752-17111.jpg,0
A2002060.1815.tc1km-752-17112.jpg,0
A2002060.1815.tc1km-752-17113.jpg,0
A2002060.1815.tc1km-752-17114.jpg,0
A2002060.1815.tc1km-752-17115.jpg,0
A2002067.1820.tc1km-804-16999.jpg,0
A2002067.1820.tc1km-804-17000.jpg,0
A2002067.1820.tc1km-804-17001.jpg,0
A2002067.1820.tc1km-804-17002.jpg,0
A2002067.1820.tc1km-804-17003.jpg,0
A2002067.1820.tc1km-804-17004.jpg,0
A2002067.1820.tc1km-804-17005.jpg,0
A2002067.1820.tc1km-804-17006.jpg,0
A2002067.1820.tc1km-804-17007.jpg,0
A2002067.1820.tc1km-804-17008.jpg,0
A2002067.1820.tc1km-804-17009.jpg,0
A2002067.1820.tc1km-804-17010.jpg,0
A2002067.1820.tc1km-808-735.jpg,0
A2002120.1840.tc1km-713-10098.jpg,0
A2002120.1840.tc1km-713-10099.jpg,0
A2002120.1840.tc1km-713-10100.jpg,0
A2002120.1840.tc1km-713-10101.jpg,0
A2002120.1840.tc1km-713-10102.jpg,0
A2002120.1840.tc1km-713-10103.jpg,0
A2002120.1840.tc1km-713-10104.jpg,0
A2002120.1840.tc1km-713-10105.jpg,0
A2002120.1840.tc1km-713-10106.jpg,0
A2002120.1840.tc1km-713-10107.jpg,0
A2002120.1840.tc1km-713-10108.jpg,0
A2002351.1845.tc1km-1145-1408.jpg,0
A2002351.1845.tc1km-1145-1409.jpg,0
A2002351.1845.tc1km-1145-1410.jpg,0
A2003086.1820.tc1km-1123-1826.jpg,0
A2003086.1820.tc1km-1123-1827.jpg,0
A2003086.1820.tc1km-1123-1828.jpg,0
A2003086.1820.tc1km-1123-1829.jpg,0
A2003086.1820.tc1km-1123-1830.jpg,0
A2005331.1820.tc1km-949-9871.jpg,0
A2005331.1820.tc1km-949-9872.jpg,0
A2005331.1820.tc1km-949-9873.jpg,0
A2005331.1820.tc1km-949-9874.jpg,0
A2005331.1820.tc1km-949-9875.jpg,0
A2005331.1820.tc1km-949-9876.jpg,0
A2005331.1820.tc1km-949-9877.jpg,0
A2005331.1820.tc1km-949-9878.jpg,0
A2005331.1820.tc1km-949-9879.jpg,0
A2005331.1820.tc1km-949-9880.jpg,0
A2005331.1820.tc1km-949-9881.jpg,0
A2005331.1820.tc1km-949-9882.jpg,0
A2006069.1825.tc1km-485-751.jpg,0
A2006069.1825.tc1km-485-752.jpg,0
A2006069.1825.tc1km-485-753.jpg,0
A2006069.1825.tc1km-485-754.jpg,0
A2006069.1825.tc1km-485-755.jpg,0
A2006069.1825.tc1km-485-756.jpg,0
A2006069.1825.tc1km-485-757.jpg,0
A2006069.1825.tc1km-485-758.jpg,0
A2006069.1825.tc1km-485-759.jpg,0
A2006069.1825.tc1km-485-760.jpg,0
A2006069.1825.tc1km-485-761.jpg,0
A2006069.1825.tc1km-485-762.jpg,0
A2006069.1825.tc1km-485-763.jpg,0
A2006069.1825.tc1km-485-764.jpg,0
A2006069.1825.tc1km-485-765.jpg,0
A2006069.1825.tc1km-489-17056.jpg,0
A2006069.1825.tc1km-489-17057.jpg,0
A2006069.1825.tc1km-489-17058.jpg,0
A2006069.1825.tc1km-489-17059.jpg,0
A2006069.1825.tc1km-489-17060.jpg,0
A2006069.1825.tc1km-489-17061.jpg,0
A2006069.1825.tc1km-489-17062.jpg,0
A2006069.1825.tc1km-489-17063.jpg,0
A2006069.1825.tc1km-489-17064.jpg,0
A2006069.1825.tc1km-489-17065.jpg,0
A2006069.1825.tc1km-489-17066.jpg,0
A2006069.1825.tc1km-489-17067.jpg,0
A2006069.1825.tc1km-489-17068.jpg,0
A2006261.1220.tc1km-634-9923.jpg,0
A2006261.1220.tc1km-634-9924.jpg,0
A2006261.1220.tc1km-634-9925.jpg,0
A2006261.1220.tc1km-634-9926.jpg,0
A2006261.1220.tc1km-634-9927.jpg,0
A2006261.1220.tc1km-634-9928.jpg,0
A2006261.1220.tc1km-634-9929.jpg,0
A2006261.1220.tc1km-634-9930.jpg,0
A2006261.1220.tc1km-636-10254.jpg,0
A2006261.1220.tc1km-636-10255.jpg,0
A2006261.1220.tc1km-636-10256.jpg,0
A2006261.1220.tc1km-636-10257.jpg,0
A2006261.1220.tc1km-636-10258.jpg,0
A2006261.1220.tc1km-636-10259.jpg,0
A2006261.1220.tc1km-636-10260.jpg,0
A2008007.1850.tc1km-224-17011.jpg,0
A2008007.1850.tc1km-224-17012.jpg,0
A2008007.1850.tc1km-224-17013.jpg,0
A2008007.1850.tc1km-224-17014.jpg,0
A2008007.1850.tc1km-224-17015.jpg,0
A2008007.1850.tc1km-224-17016.jpg,0
A2008007.1850.tc1km-224-17017.jpg,0
A2008007.1850.tc1km-224-17018.jpg,0
A2008007.1850.tc1km-224-17019.jpg,0
A2008007.1850.tc1km-224-17020.jpg,0
A2008007.1850.tc1km-224-17021.jpg,0
A2008007.1850.tc1km-224-17022.jpg,0
A2008007.1850.tc1km-224-17023.jpg,0
A2008007.1850.tc1km-224-17024.jpg,0
A2008007.1850.tc1km-224-17025.jpg,0
A2008007.1850.tc1km-230-17041.jpg,0
A2008007.1850.tc1km-230-17042.jpg,0
A2008007.1850.tc1km-230-17043.jpg,0
A2008007.1850.tc1km-230-17044.jpg,0
A2008007.1850.tc1km-230-17045.jpg,0
A2008007.1850.tc1km-230-17046.jpg,0
A2008007.1850.tc1km-230-17047.jpg,0
A2008007.1850.tc1km-230-17048.jpg,0
A2008007.1850.tc1km-230-17049.jpg,0
A2008007.1850.tc1km-230-17050.jpg,0
A2008007.1850.tc1km-230-17051.jpg,0
A2008007.1850.tc1km-230-17052.jpg,0
A2008007.1850.tc1km-230-17053.jpg,0
A2008007.1850.tc1km-230-17054.jpg,0
A2008007.1850.tc1km-230-17055.jpg,0
A2008008.1755.tc1km-694-10119.jpg,0
A2008008.1755.tc1km-694-10120.jpg,0
A2008008.1755.tc1km-694-10121.jpg,0
A2008008.1755.tc1km-694-10122.jpg,0
A2008008.1755.tc1km-694-10123.jpg,0
A2008008.1755.tc1km-694-10124.jpg,0
A2008008.1755.tc1km-694-10125.jpg,0
A2008008.1755.tc1km-696-10029.jpg,0
A2008008.1755.tc1km-696-10030.jpg,0
A2008008.1755.tc1km-696-10031.jpg,0
A2008008.1755.tc1km-696-10032.jpg,0
A2008008.1755.tc1km-696-10033.jpg,0
A2008008.1755.tc1km-696-10034.jpg,0
A2011034.1745.tc1km-929-10446.jpg,0
A2011034.1745.tc1km-929-10447.jpg,0
A2011034.1745.tc1km-929-10448.jpg,0
A2011034.1745.tc1km-929-10449.jpg,0
A2011034.1745.tc1km-929-10450.jpg,0
A2011034.1745.tc1km-929-10451.jpg,0
A2011034.1745.tc1km-929-10452.jpg,0
A2011034.1745.tc1km-929-10453.jpg,0
A2011034.1745.tc1km-929-10454.jpg,0
A2011034.1745.tc1km-929-10455.jpg,0
A2011306.2055.tc1km-449-10073.jpg,0
A2011306.2055.tc1km-449-10074.jpg,0
A2011306.2055.tc1km-449-10075.jpg,0
A2011306.2055.tc1km-449-10076.jpg,0
A2011306.2055.tc1km-449-10077.jpg,0
A2011306.2055.tc1km-449-10078.jpg,0
A2011306.2055.tc1km-449-10079.jpg,0
A2011306.2055.tc1km-449-10080.jpg,0
A2011309.1815.tc1km-892-17131.jpg,0
A2011309.1815.tc1km-892-17132.jpg,0
A2011309.1815.tc1km-892-17133.jpg,0
A2011309.1815.tc1km-892-17134.jpg,0
A2011309.1815.tc1km-892-17135.jpg,0
A2011309.1815.tc1km-892-17136.jpg,0
A2011309.1815.tc1km-892-17137.jpg,0
A2011309.1815.tc1km-892-17138.jpg,0
A2011309.1815.tc1km-892-17139.jpg,0
A2011309.1815.tc1km-892-17140.jpg,0
A2011309.1815.tc1km-892-17141.jpg,0
A2011309.1815.tc1km-892-17142.jpg,0
A2011311.1800.tc1km-823-1309.jpg,0
A2011311.1800.tc1km-823-1310.jpg,0
A2011311.1800.tc1km-823-1311.jpg,0
A2011311.1800.tc1km-823-1312.jpg,0
A2011311.1800.tc1km-823-1313.jpg,0
A2011311.1800.tc1km-823-1314.jpg,0
A2011311.1800.tc1km-823-1315.jpg,0
A2011311.1800.tc1km-823-1316.jpg,0
A2011311.1800.tc1km-823-1317.jpg,0
A2011311.1800.tc1km-823-1318.jpg,0
A2011311.1800.tc1km-823-1319.jpg,0
A2011311.1800.tc1km-823-1320.jpg,0
A2011311.1935.tc1km-276-10456.jpg,0
A2011311.1935.tc1km-276-10457.jpg,0
A2011311.1935.tc1km-276-10458.jpg,0
A2011311.1935.tc1km-276-10459.jpg,0
A2011330.1830.tc1km-723-1562.jpg,0
A2011330.1830.tc1km-723-1563.jpg,0
A2011330.1830.tc1km-723-1564.jpg,0
A2011330.1830.tc1km-723-1565.jpg,0
A2011330.1830.tc1km-723-1566.jpg,0
A2011330.1830.tc1km-723-1567.jpg,0
A2011330.1830.tc1km-723-1568.jpg,0
A2011330.2005.tc1km-1047-1761.jpg,0
A2011330.2005.tc1km-1047-1762.jpg,0
A2011330.2005.tc1km-1047-1763.jpg,0
A2011330.2005.tc1km-1047-1764.jpg,0
A2011330.2005.tc1km-1047-1765.jpg,0
A2011330.2005.tc1km-1047-1766.jpg,0
A2011330.2005.tc1km-1047-1767.jpg,0
A2011330.2005.tc1km-1047-1768.jpg,0
A2011330.2005.tc1km-1047-1769.jpg,0
A2011330.2005.tc1km-1047-1770.jpg,0
A2011334.1940.tc1km-121-17360.jpg,0
A2011334.1940.tc1km-121-17361.jpg,0
A2011334.1940.tc1km-121-17362.jpg,0
A2011334.1940.tc1km-121-17363.jpg,0
A2011334.1940.tc1km-121-17364.jpg,0
A2011334.1940.tc1km-121-17365.jpg,0
A2011334.1940.tc1km-121-17366.jpg,0
A2011334.1940.tc1km-121-17367.jpg,0
A2011334.1940.tc1km-121-17368.jpg,0
A2011334.1940.tc1km-121-17369.jpg,0
A2011334.1940.tc1km-121-17370.jpg,0
A2011335.1850.tc1km-315-10790.jpg,0
A2011335.1850.tc1km-315-10791.jpg,0
A2011335.1850.tc1km-315-10792.jpg,0
A2011335.1850.tc1km-315-10793.jpg,0
A2011335.1850.tc1km-315-10794.jpg,0
A2011335.1850.tc1km-315-10795.jpg,0
A2011335.1850.tc1km-315-10796.jpg,0
A2011335.1850.tc1km-315-10797.jpg,0
A2011335.1850.tc1km-315-10798.jpg,0
A2011335.1850.tc1km-315-10799.jpg,0
A2011335.1850.tc1km-315-10800.jpg,0
A2012059.1845.tc1km-954-10846.jpg,0
A2012059.1845.tc1km-954-10847.jpg,0
A2012059.1845.tc1km-954-10848.jpg,0
A2012059.1845.tc1km-954-10849.jpg,0
A2012059.1845.tc1km-954-10850.jpg,0
A2012059.1845.tc1km-954-10851.jpg,0
A2012059.1845.tc1km-954-10852.jpg,0
A2012059.1845.tc1km-954-10853.jpg,0
A2012059.1845.tc1km-954-10854.jpg,0
A2012059.1845.tc1km-954-10855.jpg,0
A2012059.1845.tc1km-954-10856.jpg,0
A2012059.1845.tc1km-955-10366.jpg,0
A2012059.1845.tc1km-955-10367.jpg,0
A2012059.1845.tc1km-955-10368.jpg,0
A2012059.1845.tc1km-955-10369.jpg,0
A2012059.1845.tc1km-955-10370.jpg,0
A2012059.1845.tc1km-955-10371.jpg,0
A2012059.1845.tc1km-955-10372.jpg,0
A2012059.1845.tc1km-955-10373.jpg,0
A2012059.1845.tc1km-955-10374.jpg,0
A2012059.1845.tc1km-955-10375.jpg,0
A2012059.1845.tc1km-957-9775.jpg,0
A2012059.1845.tc1km-957-9776.jpg,0
A2012059.1845.tc1km-957-9777.jpg,0
A2012059.1845.tc1km-957-9778.jpg,0
A2012059.1845.tc1km-957-9779.jpg,0
A2012059.1845.tc1km-957-9780.jpg,0
A2012067.2110.tc1km-398-10531.jpg,0
A2012067.2110.tc1km-398-10532.jpg,0
A2012067.2110.tc1km-398-10533.jpg,0
A2012067.2110.tc1km-398-10534.jpg,0
A2012067.2110.tc1km-398-10535.jpg,0
A2012067.2110.tc1km-398-10536.jpg,0
A2012067.2110.tc1km-398-10537.jpg,0
A2012067.2110.tc1km-398-10538.jpg,0
A2012067.2110.tc1km-398-10539.jpg,0
A2012067.2110.tc1km-398-10540.jpg,0
A2012071.1225.tc1km-903-9829.jpg,0
A2012071.1225.tc1km-903-9830.jpg,0
A2012071.1225.tc1km-903-9831.jpg,0
A2012071.1225.tc1km-903-9832.jpg,0
A2012071.1225.tc1km-903-9833.jpg,0
A2012071.1225.tc1km-903-9834.jpg,0
A2012071.1225.tc1km-903-9835.jpg,0
A2012071.1225.tc1km-903-9836.jpg,0
A2012071.1225.tc1km-903-9837.jpg,0
A2012071.1225.tc1km-903-9838.jpg,0
A2012071.1225.tc1km-903-9839.jpg,0
A2012071.1225.tc1km-903-9840.jpg,0
A2012071.1230.tc1km-1155-9496.jpg,0
A2012071.1230.tc1km-1155-9497.jpg,0
A2012071.1230.tc1km-1155-9498.jpg,0
A2012071.1230.tc1km-1155-9499.jpg,0
A2012071.1230.tc1km-1155-9500.jpg,0
A2012071.1230.tc1km-1155-9501.jpg,0
A2012071.1230.tc1km-1155-9502.jpg,0
A2012071.1230.tc1km-1155-9503.jpg,0
A2012071.1230.tc1km-1155-9504.jpg,0
A2012071.1230.tc1km-1155-9505.jpg,0
A2012071.1230.tc1km-1155-9506.jpg,0
A2012071.1230.tc1km-1155-9507.jpg,0
A2012071.1230.tc1km-1155-9508.jpg,0
A2012291.1750.tc1km-1120-10362.jpg,0
A2012291.1750.tc1km-1120-10363.jpg,0
A2012291.1750.tc1km-1120-10364.jpg,0
A2012291.1750.tc1km-1120-10365.jpg,0
A2012292.1700.tc1km-733-766.jpg,0
A2012292.1700.tc1km-733-767.jpg,0
A2012292.1700.tc1km-733-768.jpg,0
A2012292.1700.tc1km-733-769.jpg,0
A2012292.1700.tc1km-733-770.jpg,0
A2012293.1600.tc1km-98-17311.jpg,0
A2012293.1600.tc1km-98-17312.jpg,0
A2012293.1600.tc1km-98-17313.jpg,0
A2012293.1600.tc1km-98-17314.jpg,0
A2012293.1600.tc1km-98-17315.jpg,0
A2012293.1600.tc1km-98-17316.jpg,0
A2012293.1600.tc1km-98-17317.jpg,0
A2012293.1600.tc1km-98-17318.jpg,0
A2012293.1600.tc1km-98-17319.jpg,0
A2012293.1600.tc1km-98-17320.jpg,0
A2012293.1740.tc1km-237-16224.jpg,0
A2012293.1740.tc1km-237-16225.jpg,0
A2012293.1740.tc1km-237-16226.jpg,0
A2012293.1740.tc1km-237-16227.jpg,0
A2012293.1740.tc1km-237-16228.jpg,0
A2012293.1740.tc1km-237-16229.jpg,0
A2012293.1740.tc1km-237-16230.jpg,0
A2013011.2035.tc1km-533-736.jpg,0
A2013011.2035.tc1km-533-737.jpg,0
A2013011.2035.tc1km-533-738.jpg,0
A2013011.2035.tc1km-533-739.jpg,0
A2013011.2035.tc1km-533-740.jpg,0
A2013011.2035.tc1km-533-741.jpg,0
A2013011.2035.tc1km-533-742.jpg,0
A2013011.2035.tc1km-533-743.jpg,0
A2013011.2035.tc1km-533-744.jpg,0
A2013011.2035.tc1km-533-745.jpg,0
A2013011.2035.tc1km-533-746.jpg,0
A2013011.2035.tc1km-533-747.jpg,0
A2013011.2035.tc1km-533-748.jpg,0
A2013011.2035.tc1km-533-749.jpg,0
A2013011.2035.tc1km-533-750.jpg,0
A2013040.1825.tc1km-517-17026.jpg,0
A2013040.1825.tc1km-517-17027.jpg,0
A2013040.1825.tc1km-517-17028.jpg,0
A2013040.1825.tc1km-517-17029.jpg,0
A2013040.1825.tc1km-517-17030.jpg,0
A2013040.1825.tc1km-517-17031.jpg,0
A2013040.1825.tc1km-517-17032.jpg,0
A2013040.1825.tc1km-517-17033.jpg,0
A2013040.1825.tc1km-517-17034.jpg,0
A2013040.1825.tc1km-517-17035.jpg,0
A2013040.1825.tc1km-517-17036.jpg,0
A2013040.1825.tc1km-517-17037.jpg,0
A2013040.1825.tc1km-517-17038.jpg,0
A2013040.1825.tc1km-517-17039.jpg,0
A2013040.1825.tc1km-517-17040.jpg,0
A2001096.1830.tc1km-618-14395.jpg,1
A2001096.1830.tc1km-618-14396.jpg,1
A2001164.0950.tc1km-198-12976.jpg,1
A2001164.0950.tc1km-198-12977.jpg,1
A2001164.0950.tc1km-198-12978.jpg,1
A2001164.0950.tc1km-198-12980.jpg,1
A2001164.0950.tc1km-199-14192.jpg,1
A2001164.0950.tc1km-199-14193.jpg,1
A2001164.1805.tc1km-478-14801.jpg,1
A2001164.1805.tc1km-478-14802.jpg,1
A2001164.1805.tc1km-478-14803.jpg,1
A2001164.1805.tc1km-478-14804.jpg,1
A2001164.1805.tc1km-478-14805.jpg,1
A2003078.1730.tc1km-321-15493.jpg,1
A2003078.1730.tc1km-321-15494.jpg,1
A2003078.1730.tc1km-321-15495.jpg,1
A2003078.1730.tc1km-330-14473.jpg,1
A2003078.1730.tc1km-330-14474.jpg,1
A2003078.1730.tc1km-330-14475.jpg,1
A2003105.1715.tc1km-688-17386.jpg,1
A2003105.1715.tc1km-688-17387.jpg,1
A2003105.1715.tc1km-688-17388.jpg,1
A2003105.1715.tc1km-688-17389.jpg,1
A2003105.1715.tc1km-688-17390.jpg,1
A2003105.1715.tc1km-688-17391.jpg,1
A2003105.1715.tc1km-688-17392.jpg,1
A2003105.1715.tc1km-688-17393.jpg,1
A2003105.1715.tc1km-688-17394.jpg,1
A2003105.1715.tc1km-688-17397.jpg,1
A2003105.1715.tc1km-688-17398.jpg,1
A2003105.1715.tc1km-688-17399.jpg,1
A2003105.1715.tc1km-688-17400.jpg,1
A2003105.1715.tc1km-689-16265.jpg,1
A2003105.1715.tc1km-689-16266.jpg,1
A2003105.1715.tc1km-689-16267.jpg,1
A2003105.1715.tc1km-689-16268.jpg,1
A2003105.1715.tc1km-689-16269.jpg,1
A2003105.1715.tc1km-689-16270.jpg,1
A2003105.1715.tc1km-689-16271.jpg,1
A2003105.1715.tc1km-689-16272.jpg,1
A2003105.1715.tc1km-689-16273.jpg,1
A2003105.1715.tc1km-689-16274.jpg,1
A2003105.1715.tc1km-689-16275.jpg,1
A2003113.1800.tc1km-974-15360.jpg,1
A2009093.1825.tc1km-706-14383.jpg,1
A2009093.1825.tc1km-706-14384.jpg,1
A2009151.0910.tc1km-771-15363.jpg,1
A2009151.0910.tc1km-771-15364.jpg,1
A2009151.0910.tc1km-771-15365.jpg,1
A2009151.0910.tc1km-771-15366.jpg,1
A2009151.0910.tc1km-771-15367.jpg,1
A2009151.0910.tc1km-771-15368.jpg,1
A2009151.0910.tc1km-771-15369.jpg,1
A2009151.0910.tc1km-772-16359.jpg,1
A2009156.0750.tc1km-1101-14846.jpg,1
A2009156.0750.tc1km-1101-14847.jpg,1
A2009156.0750.tc1km-1101-14848.jpg,1
A2009156.0750.tc1km-1101-14849.jpg,1
A2009156.0750.tc1km-1101-14850.jpg,1
A2009156.0750.tc1km-1102-13722.jpg,1
A2009156.0750.tc1km-1102-13723.jpg,1
A2009156.0750.tc1km-1102-13724.jpg,1
A2009156.0750.tc1km-1102-13725.jpg,1
A2009156.0750.tc1km-1110-15895.jpg,1
A2009156.0750.tc1km-1110-15896.jpg,1
A2011266.1200.tc1km-838-15451.jpg,1
A2011266.1200.tc1km-838-15452.jpg,1
A2011266.1200.tc1km-838-15453.jpg,1
A2011266.1200.tc1km-838-15454.jpg,1
A2011266.1200.tc1km-838-15455.jpg,1
A2011266.1200.tc1km-838-15456.jpg,1
A2011271.0855.tc1km-648-15248.jpg,1
A2012064.0735.tc1km-71-17337.jpg,1
A2012064.0735.tc1km-71-17338.jpg,1
A2012064.0735.tc1km-71-17339.jpg,1
A2012064.0735.tc1km-71-17340.jpg,1
A2012064.0735.tc1km-73-15336.jpg,1
A2012064.0735.tc1km-73-15337.jpg,1
A2012064.0735.tc1km-77-15219.jpg,1
A2012064.0735.tc1km-77-15220.jpg,1
A2012064.0735.tc1km-77-15221.jpg,1
A2012071.1100.tc1km-551-16760.jpg,1
A2012071.1100.tc1km-551-16761.jpg,1
A2012071.1100.tc1km-551-16762.jpg,1
A2012071.1100.tc1km-551-16763.jpg,1
A2012071.1100.tc1km-551-16764.jpg,1
A2012071.1100.tc1km-551-16765.jpg,1
A2012071.1100.tc1km-551-16766.jpg,1
A2012071.1100.tc1km-551-16769.jpg,1
A2012071.1100.tc1km-551-16770.jpg,1
A2012071.1100.tc1km-552-15742.jpg,1
A2012071.1100.tc1km-552-15743.jpg,1
A2012071.1100.tc1km-552-15744.jpg,1
A2012071.1100.tc1km-552-15745.jpg,1
A2012071.1100.tc1km-552-15746.jpg,1
A2012071.1100.tc1km-552-15747.jpg,1
A2012071.1100.tc1km-552-15748.jpg,1
A2012071.1100.tc1km-552-15749.jpg,1
A2012071.1100.tc1km-552-15750.jpg,1
A2012071.1100.tc1km-555-13616.jpg,1
A2012071.1100.tc1km-555-13617.jpg,1
A2012078.0745.tc1km-420-13819.jpg,1
A2012078.0745.tc1km-420-13820.jpg,1
A2012078.0745.tc1km-420-13821.jpg,1
A2012105.1720.tc1km-366-15418.jpg,1
A2012105.1720.tc1km-366-15419.jpg,1
A2012105.1720.tc1km-366-15420.jpg,1
A2012105.1720.tc1km-370-17248.jpg,1
A2012105.1720.tc1km-370-17249.jpg,1
A2012105.2030.tc1km-988-15226.jpg,1
A2012105.2030.tc1km-988-15227.jpg,1
A2012105.2030.tc1km-988-15228.jpg,1
A2012105.2030.tc1km-988-15229.jpg,1
A2012105.2030.tc1km-988-15230.jpg,1
A2012105.2030.tc1km-988-15231.jpg,1
A2012105.2030.tc1km-988-15232.jpg,1
A2012105.2030.tc1km-988-15233.jpg,1
A2012105.2030.tc1km-988-15234.jpg,1
A2012105.2030.tc1km-988-15235.jpg,1
A2012105.2030.tc1km-988-15236.jpg,1
A2012105.2030.tc1km-988-15237.jpg,1
A2012105.2030.tc1km-988-15238.jpg,1
A2012105.2030.tc1km-988-15239.jpg,1
A2012292.2015.tc1km-1131-13336.jpg,1
A2012292.2015.tc1km-1131-13337.jpg,1
A2012292.2015.tc1km-1131-13338.jpg,1
A2012292.2015.tc1km-1131-13339.jpg,1
A2012292.2015.tc1km-1131-13340.jpg,1